,origin,destination,depart_time,depart_weekday,duration,arrival_time,arrival_weekday,flight_no,airline_code,economy_fare,business_fare,first_fare
0,MAA,CCU,08:10:00,4,2:30:00,10:40:00,4,AI786,AI,7068,,34862
1,MAA,CCU,08:10:00,2,2:30:00,10:40:00,2,AI786,AI,7198,,34535
2,MAA,CCU,07:55:00,4,2:20:00,10:15:00,4,6E321,6E,7227,,
3,MAA,CCU,05:10:00,4,2:30:00,07:40:00,4,6E987,6E,7227,,
4,MAA,CCU,13:30:00,4,2:25:00,15:55:00,4,6E6326,6E,7799,,
5,MAA,CCU,08:10:00,3,2:30:00,10:40:00,3,AI786,AI,8447,,34535
6,MAA,CCU,07:55:00,2,2:20:00,10:15:00,2,6E321,6E,8524,,
7,MAA,CCU,13:30:00,2,2:25:00,15:55:00,2,6E6326,6E,8524,,
8,MAA,CCU,05:10:00,2,2:30:00,07:40:00,2,6E987,6E,8524,,
9,MAA,CCU,19:55:00,2,2:30:00,22:25:00,2,6E6411,6E,8524,,
10,MAA,CCU,08:10:00,0,2:30:00,10:40:00,0,AI786,AI,8550,,33299
11,MAA,CCU,17:45:00,0,2:15:00,20:00:00,0,6E6009,6E,8609,,
12,MAA,CCU,15:50:00,0,2:15:00,18:05:00,0,6E986,6E,8609,,
13,MAA,CCU,19:55:00,0,2:30:00,22:25:00,0,6E6411,6E,8609,,
14,MAA,CCU,05:10:00,1,2:30:00,07:40:00,1,6E987,6E,8609,,
15,MAA,CCU,15:50:00,4,2:15:00,18:05:00,4,6E986,6E,8939,,
16,MAA,CCU,17:45:00,4,2:15:00,20:00:00,4,6E6009,6E,8939,,
17,MAA,CCU,07:55:00,6,2:20:00,10:15:00,6,6E321,6E,8939,,
18,MAA,CCU,05:10:00,6,2:30:00,07:40:00,6,6E987,6E,8939,,
19,MAA,CCU,05:10:00,0,2:30:00,07:40:00,0,6E987,6E,8939,,
20,MAA,CCU,08:10:00,6,2:30:00,10:40:00,6,AI786,AI,8964,,34862
21,MAA,CCU,08:10:00,5,2:30:00,10:40:00,5,AI786,AI,8964,,34535
22,MAA,CCU,15:50:00,3,2:15:00,18:05:00,3,6E986,6E,9103,,
23,MAA,CCU,17:45:00,2,2:15:00,20:00:00,2,6E6009,6E,9103,,
24,MAA,CCU,15:50:00,2,2:15:00,18:05:00,2,6E986,6E,9103,,
25,MAA,AMD,04:10:00,2,2:15:00,06:25:00,2,6E244,6E,7494,,
26,MAA,AMD,04:10:00,6,2:15:00,06:25:00,6,6E244,6E,7924,,
27,MAA,AMD,04:10:00,0,2:15:00,06:25:00,0,6E244,6E,7924,,
28,MAA,AMD,12:30:00,6,2:15:00,14:45:00,6,6E6374,6E,8545,,
29,MAA,AMD,17:55:00,1,2:15:00,20:10:00,1,6E998,6E,8709,,
30,MAA,AMD,12:30:00,0,2:15:00,14:45:00,0,6E6374,6E,8709,,
31,MAA,AMD,17:55:00,0,2:15:00,20:10:00,0,6E998,6E,9400,,
32,MAA,AMD,12:30:00,1,2:15:00,14:45:00,1,6E6374,6E,9400,,
33,MAA,AMD,17:55:00,6,2:15:00,20:10:00,6,6E998,6E,9960,,
34,MAA,AMD,04:10:00,4,2:15:00,06:25:00,4,6E244,6E,10762,,
35,MAA,AMD,17:55:00,2,2:15:00,20:10:00,2,6E998,6E,12829,,
36,MAA,AMD,12:30:00,5,2:15:00,14:45:00,5,6E6374,6E,15982,,
37,MAA,AMD,04:10:00,5,2:15:00,06:25:00,5,6E244,6E,15982,,
38,MAA,AMD,17:55:00,4,2:15:00,20:10:00,4,6E998,6E,15982,,
39,MAA,AMD,17:55:00,5,2:15:00,20:10:00,5,6E998,6E,15982,,
40,MAA,AMD,12:30:00,4,2:15:00,14:45:00,4,6E6374,6E,15982,,
41,MAA,AMD,04:10:00,3,2:15:00,06:25:00,3,6E244,6E,16288,,
42,MAA,AMD,12:30:00,3,2:15:00,14:45:00,3,6E6374,6E,16288,,
43,MAA,AMD,17:55:00,3,2:15:00,20:10:00,3,6E998,6E,16288,,
44,MAA,PNQ,03:15:00,4,1:40:00,04:55:00,4,6E401,6E,6258,,
45,MAA,PNQ,04:45:00,4,1:55:00,06:40:00,4,6E224,6E,6258,,
46,MAA,PNQ,03:15:00,3,1:40:00,04:55:00,3,6E401,6E,6376,,
47,MAA,PNQ,03:15:00,2,1:40:00,04:55:00,2,6E401,6E,6376,,
48,MAA,PNQ,13:05:00,2,1:50:00,14:55:00,2,6E522,6E,6376,,
49,MAA,PNQ,04:45:00,3,1:55:00,06:40:00,3,6E224,6E,6376,,
50,MAA,PNQ,04:45:00,2,1:55:00,06:40:00,2,6E224,6E,6376,,
51,MAA,PNQ,15:30:00,0,1:35:00,17:05:00,0,6E319,6E,6401,,
52,MAA,PNQ,08:50:00,0,1:40:00,10:30:00,0,6E997,6E,6401,,
53,MAA,PNQ,22:35:00,0,1:45:00,00:20:00,1,6E862,6E,6401,,
54,MAA,PNQ,15:30:00,1,1:35:00,17:05:00,1,6E319,6E,6415,,
55,MAA,PNQ,08:50:00,1,1:40:00,10:30:00,1,6E997,6E,6415,,
56,MAA,PNQ,03:15:00,1,1:40:00,04:55:00,1,6E401,6E,6415,,
57,MAA,PNQ,22:35:00,1,1:45:00,00:20:00,2,6E862,6E,6415,,
58,MAA,PNQ,04:45:00,1,1:55:00,06:40:00,1,6E224,6E,6415,,
59,MAA,PNQ,19:40:00,6,1:40:00,21:20:00,6,6E6185,6E,6524,,
60,MAA,PNQ,03:15:00,0,1:40:00,04:55:00,0,6E401,6E,6524,,
61,MAA,PNQ,03:15:00,6,1:40:00,04:55:00,6,6E401,6E,6524,,
62,MAA,PNQ,03:15:00,5,1:40:00,04:55:00,5,6E401,6E,6524,,
63,MAA,PNQ,22:35:00,6,1:45:00,00:20:00,0,6E862,6E,6524,,
64,MAA,PNQ,22:35:00,5,1:45:00,00:20:00,6,6E862,6E,6524,,
65,MAA,PNQ,04:45:00,0,1:55:00,06:40:00,0,6E224,6E,6524,,
66,MAA,PNQ,04:45:00,5,1:55:00,06:40:00,5,6E224,6E,6524,,
67,MAA,PNQ,04:45:00,6,1:55:00,06:40:00,6,6E224,6E,6524,,
68,MAA,PNQ,15:30:00,3,1:35:00,17:05:00,3,6E319,6E,6603,,
69,MAA,DEL,10:05:00,4,3:05:00,13:10:00,4,AI430,AI,5852,,
70,MAA,DEL,10:05:00,3,3:05:00,13:10:00,3,AI430,AI,5964,,30336
71,MAA,DEL,06:00:00,2,2:55:00,08:55:00,2,AI440,AI,6183,,30336
72,MAA,DEL,20:30:00,2,2:55:00,23:25:00,2,AI538,AI,6183,,30336
73,MAA,DEL,06:00:00,3,2:55:00,08:55:00,3,AI440,AI,6183,,30336
74,MAA,DEL,20:30:00,3,2:55:00,23:25:00,3,AI538,AI,6183,,30336
75,MAA,DEL,10:05:00,2,3:05:00,13:10:00,2,AI430,AI,6183,,
76,MAA,DEL,20:30:00,1,2:55:00,23:25:00,1,AI538,AI,6402,,
77,MAA,DEL,20:20:00,6,2:50:00,23:10:00,6,6E2014,6E,6449,,
78,MAA,DEL,22:50:00,6,2:50:00,01:40:00,0,6E2098,6E,6449,,
79,MAA,DEL,08:40:00,4,2:50:00,11:30:00,4,6E2038,6E,6470,,
80,MAA,DEL,14:05:00,2,2:40:00,16:45:00,2,6E6344,6E,6572,,
81,MAA,DEL,18:15:00,2,2:45:00,21:00:00,2,6E882,6E,6572,,
82,MAA,DEL,18:15:00,1,2:45:00,21:00:00,1,6E882,6E,6572,,
83,MAA,DEL,10:50:00,1,2:45:00,13:35:00,1,6E2512,6E,6572,,
84,MAA,DEL,18:15:00,0,2:45:00,21:00:00,0,6E882,6E,6572,,
85,MAA,DEL,16:00:00,2,2:45:00,18:45:00,2,6E6317,6E,6572,,
86,MAA,DEL,20:20:00,2,2:50:00,23:10:00,2,6E2014,6E,6572,,
87,MAA,DEL,05:50:00,2,2:50:00,08:40:00,2,6E2116,6E,6572,,
88,MAA,DEL,22:50:00,2,2:50:00,01:40:00,3,6E2098,6E,6572,,
89,MAA,DEL,22:50:00,1,2:50:00,01:40:00,2,6E2098,6E,6572,,
90,MAA,DEL,20:20:00,1,2:50:00,23:10:00,1,6E2014,6E,6572,,
91,MAA,DEL,05:50:00,1,2:50:00,08:40:00,1,6E2116,6E,6572,,
92,MAA,DEL,14:05:00,1,2:40:00,16:45:00,1,6E6344,6E,6791,,
93,MAA,DEL,14:05:00,3,2:40:00,16:45:00,3,6E6344,6E,6791,,
94,MAA,BOM,06:10:00,5,2:05:00,08:15:00,5,AI569,AI,4037,,25750
95,MAA,BOM,07:55:00,0,2:05:00,10:00:00,0,AI571,AI,4037,,25750
96,MAA,BOM,06:10:00,0,2:05:00,08:15:00,0,AI569,AI,4037,,25750
97,MAA,BOM,06:10:00,4,2:05:00,08:15:00,4,AI569,AI,4037,,25750
98,MAA,BOM,07:55:00,4,2:05:00,10:00:00,4,AI571,AI,4037,,25750
99,MAA,BOM,06:10:00,6,2:05:00,08:15:00,6,AI569,AI,4037,,25750
100,MAA,BOM,06:10:00,1,2:05:00,08:15:00,1,AI569,AI,4037,,25750
101,MAA,BOM,15:25:00,0,2:05:00,17:30:00,0,AI672,AI,4037,,25750
102,MAA,BOM,20:15:00,1,2:15:00,22:30:00,1,AI575,AI,4037,,
103,MAA,BOM,20:15:00,0,2:15:00,22:30:00,0,AI575,AI,4037,,
104,MAA,BOM,20:15:00,5,2:15:00,22:30:00,5,AI575,AI,4037,,25750
105,MAA,BOM,20:15:00,6,2:15:00,22:30:00,6,AI575,AI,4037,,25750
106,MAA,BOM,21:05:00,5,2:25:00,23:30:00,5,AI574,AI,4037,,
107,MAA,BOM,21:05:00,6,2:25:00,23:30:00,6,AI574,AI,4037,,
108,MAA,BOM,21:05:00,1,2:25:00,23:30:00,1,AI574,AI,4037,,
109,MAA,BOM,21:05:00,4,2:25:00,23:30:00,4,AI574,AI,4037,,
110,MAA,BOM,21:00:00,3,1:50:00,22:50:00,3,SG681,SG,4105,,
111,MAA,BOM,21:00:00,2,1:50:00,22:50:00,2,SG681,SG,4105,,
112,MAA,BOM,06:10:00,3,2:05:00,08:15:00,3,AI569,AI,4114,,25750
113,MAA,BOM,07:55:00,2,2:05:00,10:00:00,2,AI571,AI,4114,,25750
114,MAA,BOM,07:55:00,3,2:05:00,10:00:00,3,AI571,AI,4114,,25750
115,MAA,BOM,06:10:00,2,2:05:00,08:15:00,2,AI569,AI,4114,,25750
116,MAA,BOM,20:15:00,3,2:15:00,22:30:00,3,AI575,AI,4114,,25750
117,MAA,BOM,20:15:00,2,2:15:00,22:30:00,2,AI575,AI,4114,,25750
118,MAA,BOM,21:00:00,4,1:50:00,22:50:00,4,SG681,SG,4451,,
119,MAA,BLR,05:05:00,1,1:10:00,06:15:00,1,AI563,AI,3603,,20773
120,MAA,BLR,05:05:00,6,1:10:00,06:15:00,6,AI563,AI,3670,,21472
121,MAA,BLR,05:05:00,3,1:10:00,06:15:00,3,AI563,AI,3738,,21145
122,MAA,BLR,05:05:00,2,1:10:00,06:15:00,2,AI563,AI,3738,,21145
123,MAA,BLR,07:40:00,0,0:50:00,08:30:00,0,6E797,6E,4114,,
124,MAA,BLR,09:00:00,0,0:50:00,09:50:00,0,6E6137,6E,4114,,
125,MAA,BLR,09:00:00,1,0:50:00,09:50:00,1,6E6137,6E,4114,,
126,MAA,BLR,07:40:00,1,0:50:00,08:30:00,1,6E797,6E,4114,,
127,MAA,BLR,16:45:00,0,0:55:00,17:40:00,0,6E929,6E,4114,,
128,MAA,BLR,11:20:00,0,0:55:00,12:15:00,0,6E6892,6E,4114,,
129,MAA,BLR,11:20:00,1,0:55:00,12:15:00,1,6E6892,6E,4114,,
130,MAA,BLR,16:45:00,1,0:55:00,17:40:00,1,6E929,6E,4114,,
131,MAA,BLR,14:10:00,0,1:00:00,15:10:00,0,6E6605,6E,4114,,
132,MAA,BLR,22:05:00,0,1:00:00,23:05:00,0,6E5385,6E,4114,,
133,MAA,BLR,09:00:00,5,0:50:00,09:50:00,5,6E6137,6E,4191,,
134,MAA,BLR,07:40:00,4,0:50:00,08:30:00,4,6E797,6E,4191,,
135,MAA,BLR,07:40:00,5,0:50:00,08:30:00,5,6E797,6E,4191,,
136,MAA,BLR,09:00:00,6,0:50:00,09:50:00,6,6E6137,6E,4191,,
137,MAA,BLR,07:40:00,6,0:50:00,08:30:00,6,6E797,6E,4191,,
138,MAA,BLR,09:00:00,4,0:50:00,09:50:00,4,6E6137,6E,4191,,
139,MAA,BLR,11:20:00,5,0:55:00,12:15:00,5,6E6892,6E,4191,,
140,MAA,BLR,16:45:00,5,0:55:00,17:40:00,5,6E929,6E,4191,,
141,MAA,BLR,16:45:00,4,0:55:00,17:40:00,4,6E929,6E,4191,,
142,MAA,BLR,07:40:00,3,0:50:00,08:30:00,3,6E797,6E,4268,,
143,MAA,BLR,09:00:00,3,0:50:00,09:50:00,3,6E6137,6E,4268,,
144,CCU,MAA,17:10:00,3,2:20:00,19:30:00,3,AI785,AI,6680,,34944
145,CCU,MAA,17:10:00,1,2:20:00,19:30:00,1,AI785,AI,6747,,33693
146,CCU,MAA,17:10:00,0,2:20:00,19:30:00,0,AI785,AI,6747,,33693
147,CCU,MAA,17:10:00,6,2:20:00,19:30:00,6,AI785,AI,7006,,34944
148,CCU,MAA,17:10:00,4,2:20:00,19:30:00,4,AI785,AI,7006,,34944
149,CCU,MAA,17:10:00,5,2:20:00,19:30:00,5,AI785,AI,7006,,34944
150,CCU,MAA,17:10:00,2,2:20:00,19:30:00,2,AI785,AI,7135,,34944
151,CCU,MAA,23:00:00,1,2:15:00,01:15:00,2,6E723,6E,7355,,
152,CCU,MAA,23:00:00,0,2:15:00,01:15:00,1,6E723,6E,7355,,
153,CCU,MAA,10:30:00,0,2:20:00,12:50:00,0,6E833,6E,7355,,
154,CCU,MAA,10:30:00,1,2:20:00,12:50:00,1,6E833,6E,7355,,
155,CCU,MAA,08:30:00,0,2:25:00,10:55:00,0,6E891,6E,7355,,
156,CCU,MAA,04:45:00,1,2:25:00,07:10:00,1,6E989,6E,7355,,
157,CCU,MAA,08:30:00,1,2:25:00,10:55:00,1,6E891,6E,7355,,
158,CCU,MAA,23:00:00,6,2:15:00,01:15:00,0,6E723,6E,7636,,
159,CCU,MAA,23:00:00,5,2:15:00,01:15:00,6,6E723,6E,7636,,
160,CCU,MAA,10:30:00,4,2:20:00,12:50:00,4,6E833,6E,7636,,
161,CCU,MAA,10:30:00,5,2:20:00,12:50:00,5,6E833,6E,7636,,
162,CCU,MAA,04:45:00,4,2:25:00,07:10:00,4,6E989,6E,7636,,
163,CCU,MAA,04:45:00,5,2:25:00,07:10:00,5,6E989,6E,7636,,
164,CCU,MAA,04:45:00,6,2:25:00,07:10:00,6,6E989,6E,7636,,
165,CCU,MAA,08:30:00,4,2:25:00,10:55:00,4,6E891,6E,7636,,
166,CCU,MAA,18:50:00,1,2:10:00,21:00:00,1,6E234,6E,7904,,
167,CCU,MAA,18:50:00,5,2:10:00,21:00:00,5,6E234,6E,8206,,
168,CCU,MAA,18:50:00,6,2:10:00,21:00:00,6,6E234,6E,8206,,
169,CCU,AMD,07:20:00,6,2:30:00,09:50:00,6,SG338,SG,7423,,
170,CCU,AMD,13:50:00,6,2:25:00,16:15:00,6,SG511,SG,7477,,
171,CCU,AMD,13:50:00,2,2:25:00,16:15:00,2,SG511,SG,7565,,
172,CCU,AMD,13:50:00,1,2:25:00,16:15:00,1,SG511,SG,7614,,
173,CCU,AMD,13:50:00,0,2:25:00,16:15:00,0,SG511,SG,7614,,
174,CCU,AMD,05:40:00,6,2:35:00,08:15:00,6,6E271,6E,7685,,
175,CCU,AMD,21:20:00,5,2:50:00,00:10:00,6,6E248,6E,7685,,
176,CCU,AMD,21:20:00,6,2:50:00,00:10:00,0,6E248,6E,7685,,
177,CCU,AMD,05:40:00,3,2:35:00,08:15:00,3,6E271,6E,7776,,
178,CCU,AMD,05:40:00,2,2:35:00,08:15:00,2,6E271,6E,7776,,
179,CCU,AMD,21:20:00,2,2:50:00,00:10:00,3,6E248,6E,7776,,
180,CCU,AMD,05:40:00,0,2:35:00,08:15:00,0,6E271,6E,7832,,
181,CCU,AMD,05:40:00,1,2:35:00,08:15:00,1,6E271,6E,7832,,
182,CCU,AMD,21:20:00,1,2:50:00,00:10:00,2,6E248,6E,7832,,
183,CCU,AMD,16:05:00,1,2:35:00,18:40:00,1,6E6367,6E,8390,,
184,CCU,AMD,21:20:00,0,2:50:00,00:10:00,1,6E248,6E,8390,,
185,CCU,AMD,13:50:00,3,2:25:00,16:15:00,3,SG511,SG,8460,,
186,CCU,AMD,16:05:00,6,2:35:00,18:40:00,6,6E6367,6E,8782,,
187,CCU,AMD,16:05:00,2,2:35:00,18:40:00,2,6E6367,6E,8950,,
188,CCU,AMD,07:20:00,5,2:30:00,09:50:00,5,SG338,SG,9892,,
189,CCU,AMD,16:05:00,5,2:35:00,18:40:00,5,6E6367,6E,10098,,
190,CCU,AMD,16:05:00,0,2:35:00,18:40:00,0,6E6367,6E,10292,,
191,CCU,AMD,07:20:00,4,2:30:00,09:50:00,4,SG338,SG,10550,,
192,CCU,AMD,16:05:00,3,2:35:00,18:40:00,3,6E6367,6E,11858,,
193,CCU,AMD,21:20:00,3,2:50:00,00:10:00,4,6E248,6E,11858,,
194,CCU,PNQ,10:45:00,6,2:30:00,13:15:00,6,6E6707,6E,8167,,
195,CCU,PNQ,21:05:00,1,2:30:00,23:35:00,1,6E476,6E,8167,,
196,CCU,PNQ,02:50:00,6,2:30:00,05:20:00,6,6E6944,6E,8167,,
197,CCU,PNQ,10:45:00,0,2:30:00,13:15:00,0,6E6707,6E,8167,,
198,CCU,PNQ,02:50:00,0,2:30:00,05:20:00,0,6E6944,6E,8167,,
199,CCU,PNQ,02:50:00,1,2:30:00,05:20:00,1,6E6944,6E,8167,,
200,CCU,PNQ,10:45:00,4,2:30:00,13:15:00,4,6E6707,6E,8167,,
201,CCU,PNQ,21:05:00,6,2:30:00,23:35:00,6,6E476,6E,8167,,
202,CCU,PNQ,21:05:00,5,2:30:00,23:35:00,5,6E476,6E,8167,,
203,CCU,PNQ,02:50:00,4,2:30:00,05:20:00,4,6E6944,6E,8167,,
204,CCU,PNQ,02:50:00,5,2:30:00,05:20:00,5,6E6944,6E,8167,,
205,CCU,PNQ,10:45:00,1,2:30:00,13:15:00,1,6E6707,6E,8167,,
206,CCU,PNQ,21:05:00,0,2:30:00,23:35:00,0,6E476,6E,8167,,
207,CCU,PNQ,10:45:00,3,2:30:00,13:15:00,3,6E6707,6E,8320,,
208,CCU,PNQ,02:50:00,3,2:30:00,05:20:00,3,6E6944,6E,8320,,
209,CCU,PNQ,21:05:00,3,2:30:00,23:35:00,3,6E476,6E,8662,,
210,CCU,PNQ,02:50:00,2,2:30:00,05:20:00,2,6E6944,6E,8662,,
211,CCU,PNQ,10:45:00,2,2:30:00,13:15:00,2,6E6707,6E,8662,,
212,CCU,PNQ,21:05:00,2,2:30:00,23:35:00,2,6E476,6E,8662,,
213,CCU,PNQ,21:05:00,4,2:30:00,23:35:00,4,6E476,6E,9905,,
214,CCU,DEL,23:45:00,3,2:15:00,02:00:00,4,6E2746,6E,5140,,
215,CCU,DEL,23:45:00,2,2:15:00,02:00:00,3,6E2746,6E,5140,,
216,CCU,DEL,21:45:00,3,2:20:00,00:05:00,4,6E2716,6E,5140,,
217,CCU,DEL,21:45:00,2,2:20:00,00:05:00,3,6E2716,6E,5140,,
218,CCU,DEL,05:25:00,3,2:25:00,07:50:00,3,6E5214,6E,5140,,
219,CCU,DEL,20:55:00,2,2:15:00,23:10:00,2,6E2224,6E,5193,,
220,CCU,DEL,05:25:00,2,2:25:00,07:50:00,2,6E5214,6E,5193,,
221,CCU,DEL,06:55:00,0,2:15:00,09:10:00,0,AI418,AI,6012,,
222,CCU,DEL,06:55:00,1,2:15:00,09:10:00,1,AI418,AI,6012,,
223,CCU,DEL,06:55:00,1,2:20:00,09:15:00,1,AI763,AI,6012,,31419
224,CCU,DEL,20:00:00,0,2:35:00,22:35:00,0,AI770,AI,6012,,31419
225,CCU,DEL,06:55:00,4,2:15:00,09:10:00,4,AI418,AI,6125,,
226,CCU,DEL,06:55:00,6,2:15:00,09:10:00,6,AI418,AI,6125,,
227,CCU,DEL,06:55:00,5,2:15:00,09:10:00,5,AI418,AI,6125,,
228,CCU,DEL,06:55:00,4,2:20:00,09:15:00,4,AI763,AI,6125,,31989
229,CCU,DEL,06:55:00,5,2:20:00,09:15:00,5,AI763,AI,6125,,31989
230,CCU,DEL,06:55:00,6,2:20:00,09:15:00,6,AI763,AI,6125,,31989
231,CCU,DEL,20:00:00,6,2:35:00,22:35:00,6,AI770,AI,6125,,
232,CCU,DEL,06:55:00,2,2:20:00,09:15:00,2,AI763,AI,6238,,31989
233,CCU,DEL,06:55:00,3,2:20:00,09:15:00,3,AI763,AI,6238,,31989
234,CCU,DEL,20:00:00,2,2:35:00,22:35:00,2,AI770,AI,6238,,
235,CCU,DEL,10:00:00,0,2:20:00,12:20:00,0,AI769,AI,6414,,31419
236,CCU,DEL,03:20:00,6,2:10:00,05:30:00,6,SG8265,SG,6532,,
237,CCU,DEL,03:20:00,5,2:10:00,05:30:00,5,SG8265,SG,6532,,
238,CCU,DEL,03:20:00,2,2:10:00,05:30:00,2,SG8265,SG,6596,,
239,CCU,BOM,22:45:00,2,2:40:00,01:25:00,3,6E6958,6E,6596,,
240,CCU,BOM,22:45:00,3,2:40:00,01:25:00,4,6E6958,6E,6611,,
241,CCU,BOM,17:50:00,3,2:55:00,20:45:00,3,AI773,AI,6858,,35134
242,CCU,BOM,15:45:00,2,3:20:00,19:05:00,2,AI775,AI,6858,,
243,CCU,BOM,15:45:00,3,3:20:00,19:05:00,3,AI775,AI,6858,,
244,CCU,BOM,17:50:00,2,2:55:00,20:45:00,2,AI773,AI,7190,,35134
245,CCU,BOM,05:55:00,5,2:45:00,08:40:00,5,SG515,SG,7218,,
246,CCU,BOM,05:55:00,4,2:45:00,08:40:00,4,SG515,SG,7218,,
247,CCU,BOM,23:25:00,6,2:30:00,01:55:00,0,SG242,SG,7273,,
248,CCU,BOM,23:25:00,4,2:30:00,01:55:00,5,SG242,SG,7273,,
249,CCU,BOM,23:25:00,5,2:30:00,01:55:00,6,SG242,SG,7273,,
250,CCU,BOM,05:55:00,6,2:45:00,08:40:00,6,SG515,SG,7273,,
251,CCU,BOM,23:25:00,3,2:30:00,01:55:00,4,SG242,SG,7354,,
252,CCU,BOM,23:25:00,2,2:30:00,01:55:00,3,SG242,SG,7354,,
253,CCU,BOM,05:55:00,3,2:45:00,08:40:00,3,SG515,SG,7354,,
254,CCU,BOM,05:55:00,2,2:45:00,08:40:00,2,SG515,SG,7354,,
255,CCU,BOM,01:55:00,5,2:30:00,04:25:00,5,6E5013,6E,7496,,
256,CCU,BOM,01:55:00,6,2:30:00,04:25:00,6,6E5013,6E,7496,,
257,CCU,BOM,01:55:00,0,2:30:00,04:25:00,0,6E5013,6E,7496,,
258,CCU,BOM,22:45:00,4,2:40:00,01:25:00,5,6E6958,6E,7496,,
259,CCU,BOM,22:45:00,5,2:40:00,01:25:00,6,6E6958,6E,7496,,
260,CCU,BOM,22:45:00,6,2:40:00,01:25:00,0,6E6958,6E,7496,,
261,CCU,BOM,01:55:00,3,2:30:00,04:25:00,3,6E5013,6E,7636,,
262,CCU,BOM,01:55:00,4,2:30:00,04:25:00,4,6E5013,6E,7636,,
263,CCU,BOM,01:55:00,2,2:30:00,04:25:00,2,6E5013,6E,7636,,
264,CCU,BLR,17:40:00,2,2:30:00,20:10:00,2,SG508,SG,6286,,
265,CCU,BLR,05:55:00,5,2:20:00,08:15:00,5,6E771,6E,6460,,
266,CCU,BLR,21:15:00,5,2:35:00,23:50:00,5,6E487,6E,6460,,
267,CCU,BLR,04:15:00,5,2:35:00,06:50:00,5,6E6438,6E,6460,,
268,CCU,BLR,05:55:00,4,2:20:00,08:15:00,4,6E771,6E,6478,,
269,CCU,BLR,05:55:00,6,2:20:00,08:15:00,6,6E771,6E,6478,,
270,CCU,BLR,04:15:00,0,2:35:00,06:50:00,0,6E6438,6E,6478,,
271,CCU,BLR,04:15:00,6,2:35:00,06:50:00,6,6E6438,6E,6478,,
272,CCU,BLR,04:15:00,4,2:35:00,06:50:00,4,6E6438,6E,6478,,
273,CCU,BLR,19:05:00,6,2:25:00,21:30:00,6,I5554,I5,6532,,
274,CCU,BLR,19:05:00,5,2:25:00,21:30:00,5,I5554,I5,6532,,
275,CCU,BLR,16:50:00,5,2:30:00,19:20:00,5,I5991,I5,6532,,
276,CCU,BLR,17:40:00,4,2:30:00,20:10:00,4,SG508,SG,6544,,
277,CCU,BLR,05:55:00,1,2:20:00,08:15:00,1,6E771,6E,6584,,
278,CCU,BLR,19:55:00,1,2:30:00,22:25:00,1,6E6314,6E,6584,,
279,CCU,BLR,04:15:00,1,2:35:00,06:50:00,1,6E6438,6E,6584,,
280,CCU,BLR,21:15:00,1,2:35:00,23:50:00,1,6E487,6E,6584,,
281,CCU,BLR,05:55:00,3,2:20:00,08:15:00,3,6E771,6E,6602,,
282,CCU,BLR,05:55:00,0,2:20:00,08:15:00,0,6E771,6E,6602,,
283,CCU,BLR,05:55:00,2,2:20:00,08:15:00,2,6E771,6E,6602,,
284,CCU,BLR,19:55:00,0,2:30:00,22:25:00,0,6E6314,6E,6602,,
285,CCU,BLR,19:05:00,4,2:25:00,21:30:00,4,I5554,I5,6635,,
286,CCU,BLR,19:05:00,0,2:25:00,21:30:00,0,I5554,I5,6657,,
287,CCU,BLR,19:05:00,2,2:25:00,21:30:00,2,I5554,I5,6657,,
288,CCU,BLR,19:05:00,3,2:25:00,21:30:00,3,I5554,I5,6657,,
289,AMD,MAA,22:20:00,3,2:20:00,00:40:00,4,6E506,6E,6532,,
290,AMD,MAA,07:05:00,2,2:10:00,09:15:00,2,6E299,6E,7018,,
291,AMD,MAA,22:20:00,2,2:20:00,00:40:00,3,6E506,6E,7018,,
292,AMD,MAA,09:50:00,2,2:25:00,12:15:00,2,6E6375,6E,7018,,
293,AMD,MAA,22:20:00,1,2:20:00,00:40:00,2,6E506,6E,7295,,
294,AMD,MAA,15:20:00,1,2:15:00,17:35:00,1,6E6796,6E,7298,,
295,AMD,MAA,07:05:00,3,2:10:00,09:15:00,3,6E299,6E,7578,,
296,AMD,MAA,07:05:00,4,2:10:00,09:15:00,4,6E299,6E,8019,,
297,AMD,MAA,15:20:00,4,2:15:00,17:35:00,4,6E6796,6E,8019,,
298,AMD,MAA,22:20:00,5,2:20:00,00:40:00,6,6E506,6E,8019,,
299,AMD,MAA,15:20:00,3,2:15:00,17:35:00,3,6E6796,6E,8169,,
300,AMD,MAA,15:20:00,5,2:15:00,17:35:00,5,6E6796,6E,8653,,
301,AMD,MAA,07:05:00,5,2:10:00,09:15:00,5,6E299,6E,9343,,
302,AMD,MAA,07:05:00,6,2:10:00,09:15:00,6,6E299,6E,19079,,
303,AMD,MAA,22:20:00,6,2:20:00,00:40:00,0,6E506,6E,19079,,
304,AMD,MAA,07:05:00,0,2:10:00,09:15:00,0,6E299,6E,20308,,
305,AMD,MAA,22:20:00,0,2:20:00,00:40:00,1,6E506,6E,20308,,
306,AMD,MAA,15:20:00,0,2:15:00,17:35:00,0,6E6796,6E,22034,,
307,AMD,MAA,15:20:00,6,2:15:00,17:35:00,6,6E6796,6E,24373,,
308,AMD,MAA,22:20:00,4,2:20:00,00:40:00,5,6E506,6E,24373,,
309,AMD,CCU,21:15:00,2,2:30:00,23:45:00,2,SG512,SG,7782,,
310,AMD,CCU,21:15:00,3,2:30:00,23:45:00,3,SG512,SG,7782,,
311,AMD,CCU,19:25:00,2,2:40:00,22:05:00,2,6E6556,6E,8084,,
312,AMD,CCU,19:25:00,0,2:40:00,22:05:00,0,6E6556,6E,8084,,
313,AMD,CCU,21:15:00,4,2:30:00,23:45:00,4,SG512,SG,8086,,
314,AMD,CCU,10:25:00,5,2:35:00,13:00:00,5,SG8111,SG,8086,,
315,AMD,CCU,10:25:00,4,2:35:00,13:00:00,4,SG8111,SG,8086,,
316,AMD,CCU,21:15:00,0,2:30:00,23:45:00,0,SG512,SG,8436,,
317,AMD,CCU,19:25:00,5,2:40:00,22:05:00,5,6E6556,6E,8494,,
318,AMD,CCU,21:15:00,5,2:30:00,23:45:00,5,SG512,SG,8534,,
319,AMD,CCU,06:20:00,2,2:30:00,08:50:00,2,6E966,6E,8653,,
320,AMD,CCU,09:25:00,4,2:25:00,11:50:00,4,6E751,6E,9053,,
321,AMD,CCU,09:25:00,5,2:25:00,11:50:00,5,6E751,6E,9053,,
322,AMD,CCU,06:20:00,5,2:30:00,08:50:00,5,6E966,6E,9053,,
323,AMD,CCU,19:25:00,4,2:40:00,22:05:00,4,6E6556,6E,9053,,
324,AMD,CCU,09:25:00,2,2:25:00,11:50:00,2,6E751,6E,9223,,
325,AMD,CCU,06:20:00,0,2:30:00,08:50:00,0,6E966,6E,9223,,
326,AMD,CCU,06:20:00,1,2:30:00,08:50:00,1,6E966,6E,9223,,
327,AMD,CCU,09:25:00,0,2:25:00,11:50:00,0,6E751,6E,9274,,
328,AMD,CCU,06:20:00,4,2:30:00,08:50:00,4,6E966,6E,9835,,
329,AMD,CCU,09:25:00,3,2:25:00,11:50:00,3,6E751,6E,10020,,
330,AMD,CCU,19:25:00,3,2:40:00,22:05:00,3,6E6556,6E,10020,,
331,AMD,CCU,21:15:00,1,2:30:00,23:45:00,1,SG512,SG,10146,,
332,AMD,CCU,06:20:00,3,2:30:00,08:50:00,3,6E966,6E,10818,,
333,AMD,CCU,19:25:00,1,2:40:00,22:05:00,1,6E6556,6E,10818,,
334,AMD,PNQ,10:30:00,1,1:40:00,12:10:00,1,AI481,AI,3261,,24416
335,AMD,PNQ,10:30:00,4,1:40:00,12:10:00,4,AI481,AI,3323,,33139
336,AMD,PNQ,10:30:00,2,1:40:00,12:10:00,2,AI481,AI,3386,,24865
337,AMD,PNQ,10:30:00,3,1:40:00,12:10:00,3,AI481,AI,3386,,24543
338,AMD,PNQ,13:50:00,1,1:05:00,14:55:00,1,6E522,6E,3751,,
339,AMD,PNQ,20:55:00,1,1:05:00,22:00:00,1,6E794,6E,3751,,
340,AMD,PNQ,03:00:00,1,1:10:00,04:10:00,1,6E6335,6E,3751,,
341,AMD,PNQ,10:40:00,1,1:30:00,12:10:00,1,6E6471,6E,3751,,
342,AMD,PNQ,20:55:00,5,1:05:00,22:00:00,5,6E794,6E,3823,,
343,AMD,PNQ,13:50:00,4,1:05:00,14:55:00,4,6E522,6E,3823,,
344,AMD,PNQ,03:00:00,4,1:10:00,04:10:00,4,6E6335,6E,3823,,
345,AMD,PNQ,03:00:00,5,1:10:00,04:10:00,5,6E6335,6E,3823,,
346,AMD,PNQ,10:40:00,4,1:30:00,12:10:00,4,6E6471,6E,3823,,
347,AMD,PNQ,19:50:00,5,1:35:00,21:25:00,5,6E6278,6E,3823,,
348,AMD,PNQ,13:50:00,3,1:05:00,14:55:00,3,6E522,6E,3894,,
349,AMD,PNQ,03:00:00,3,1:10:00,04:10:00,3,6E6335,6E,3894,,
350,AMD,PNQ,03:00:00,2,1:10:00,04:10:00,2,6E6335,6E,3894,,
351,AMD,PNQ,10:40:00,3,1:30:00,12:10:00,3,6E6471,6E,3894,,
352,AMD,PNQ,10:40:00,2,1:30:00,12:10:00,2,6E6471,6E,4324,,
353,AMD,PNQ,13:50:00,0,1:05:00,14:55:00,0,6E522,6E,4765,,
354,AMD,PNQ,10:40:00,0,1:30:00,12:10:00,0,6E6471,6E,5219,,
355,AMD,PNQ,20:55:00,0,1:05:00,22:00:00,0,6E794,6E,5262,,
356,AMD,PNQ,03:00:00,0,1:10:00,04:10:00,0,6E6335,6E,5362,,
357,AMD,PNQ,20:55:00,3,1:05:00,22:00:00,3,6E794,6E,7742,,
358,AMD,PNQ,20:55:00,4,1:05:00,22:00:00,4,6E794,6E,8270,,
359,AMD,DEL,18:35:00,1,1:45:00,20:20:00,1,AI836,AI,4085,,
360,AMD,DEL,18:35:00,4,1:45:00,20:20:00,4,AI836,AI,4241,,
361,AMD,DEL,18:35:00,5,1:45:00,20:20:00,5,AI836,AI,4241,,
362,AMD,DEL,14:55:00,3,1:00:00,15:55:00,3,AI482,AI,4320,,30179
363,AMD,DEL,07:50:00,3,1:40:00,09:30:00,3,AI818,AI,4320,,
364,AMD,DEL,18:35:00,3,1:45:00,20:20:00,3,AI836,AI,4320,,
365,AMD,DEL,18:35:00,2,1:45:00,20:20:00,2,AI836,AI,4320,,22611
366,AMD,DEL,21:50:00,3,1:50:00,23:40:00,3,AI532,AI,4320,,
367,AMD,DEL,06:00:00,5,1:45:00,07:45:00,5,SG194,SG,4554,,
368,AMD,DEL,02:15:00,5,1:45:00,04:00:00,5,SG8109,SG,4554,,
369,AMD,DEL,06:45:00,1,1:30:00,08:15:00,1,UK926,UK,4682,7802,21890
370,AMD,DEL,21:50:00,4,1:50:00,23:40:00,4,AI532,AI,4687,,
371,AMD,DEL,18:10:00,1,1:35:00,19:45:00,1,6E178,6E,4694,,
372,AMD,DEL,21:00:00,1,1:35:00,22:35:00,1,6E6202,6E,4694,,
373,AMD,DEL,19:30:00,1,1:50:00,21:20:00,1,6E2268,6E,4694,,
374,AMD,DEL,18:10:00,5,1:35:00,19:45:00,5,6E178,6E,4712,,
375,AMD,DEL,05:55:00,5,1:45:00,07:40:00,5,6E526,6E,4712,,
376,AMD,DEL,06:00:00,4,1:45:00,07:45:00,4,SG194,SG,4722,,
377,AMD,DEL,06:00:00,3,1:45:00,07:45:00,3,SG194,SG,4809,,
378,AMD,DEL,06:00:00,0,1:45:00,07:45:00,0,SG194,SG,4911,,
379,AMD,DEL,15:40:00,1,1:30:00,17:10:00,1,6E246,6E,5075,,
380,AMD,DEL,04:30:00,1,1:40:00,06:10:00,1,6E158,6E,5075,,
381,AMD,DEL,21:00:00,0,1:35:00,22:35:00,0,6E6202,6E,5098,,
382,AMD,DEL,14:55:00,4,1:00:00,15:55:00,4,AI482,AI,6262,,30179
383,AMD,DEL,14:55:00,1,1:00:00,15:55:00,1,AI482,AI,6472,,29104
384,AMD,BOM,04:20:00,2,1:20:00,05:40:00,2,6E5277,6E,2956,,
385,AMD,BOM,05:00:00,1,1:15:00,06:15:00,1,UK918,UK,3010,6055,13826
386,AMD,BOM,17:35:00,5,1:20:00,18:55:00,5,AI632,AI,3063,,14166
387,AMD,BOM,17:35:00,4,1:35:00,19:10:00,4,AI632,AI,3063,,14166
388,AMD,BOM,17:35:00,2,1:20:00,18:55:00,2,AI632,AI,3120,,
389,AMD,BOM,20:35:00,2,1:30:00,22:05:00,2,AI638,AI,3120,,14166
390,AMD,BOM,17:35:00,3,1:35:00,19:10:00,3,AI632,AI,3120,,14166
391,AMD,BOM,23:45:00,1,1:15:00,01:00:00,2,6E5195,6E,3130,,
392,AMD,BOM,06:40:00,3,1:15:00,07:55:00,3,6E5017,6E,3227,,
393,AMD,BOM,23:45:00,3,1:15:00,01:00:00,4,6E5195,6E,3297,,
394,AMD,BOM,04:20:00,3,1:20:00,05:40:00,3,6E5277,6E,3297,,
395,AMD,BOM,20:35:00,5,1:30:00,22:05:00,5,AI638,AI,3411,,14166
396,AMD,BOM,04:20:00,4,1:20:00,05:40:00,4,6E5277,6E,3423,,
397,AMD,BOM,17:50:00,3,1:15:00,19:05:00,3,6E5136,6E,3473,,
398,AMD,BOM,23:45:00,2,1:15:00,01:00:00,3,6E5195,6E,3473,,
399,AMD,BOM,09:15:00,3,1:20:00,10:35:00,3,6E6425,6E,3473,,
400,AMD,BOM,17:50:00,2,1:15:00,19:05:00,2,6E5136,6E,3486,,
401,AMD,BOM,08:25:00,2,1:10:00,09:35:00,2,UK936,UK,3498,6210,28755
402,AMD,BOM,08:25:00,3,1:10:00,09:35:00,3,UK936,UK,3498,5393,16275
403,AMD,BOM,10:50:00,3,1:10:00,12:00:00,3,UK908,UK,3498,5880,16275
404,AMD,BOM,05:00:00,2,1:15:00,06:15:00,2,UK918,UK,3498,6210,16275
405,AMD,BOM,05:00:00,3,1:15:00,06:15:00,3,UK918,UK,3498,5393,16275
406,AMD,BOM,17:50:00,5,1:15:00,19:05:00,5,6E5136,6E,3510,,
407,AMD,BOM,04:20:00,5,1:20:00,05:40:00,5,6E5277,6E,3510,,
408,AMD,BOM,04:20:00,1,1:20:00,05:40:00,1,6E5277,6E,3571,,
409,AMD,BLR,04:40:00,5,2:10:00,06:50:00,5,6E6422,6E,6262,,
410,AMD,BLR,04:40:00,1,2:10:00,06:50:00,1,6E6422,6E,6262,,
411,AMD,BLR,14:55:00,4,2:10:00,17:05:00,4,6E758,6E,6262,,
412,AMD,BLR,10:30:00,5,2:10:00,12:40:00,5,6E6523,6E,6262,,
413,AMD,BLR,04:40:00,4,2:10:00,06:50:00,4,6E6422,6E,6262,,
414,AMD,BLR,14:55:00,5,2:10:00,17:05:00,5,6E758,6E,6262,,
415,AMD,BLR,09:10:00,5,2:15:00,11:25:00,5,6E823,6E,6262,,
416,AMD,BLR,09:10:00,4,2:15:00,11:25:00,4,6E823,6E,6262,,
417,AMD,BLR,23:40:00,4,2:20:00,02:00:00,5,6E996,6E,6262,,
418,AMD,BLR,23:40:00,1,2:20:00,02:00:00,2,6E996,6E,6262,,
419,AMD,BLR,23:40:00,5,2:20:00,02:00:00,6,6E996,6E,6262,,
420,AMD,BLR,23:40:00,0,2:20:00,02:00:00,1,6E996,6E,6262,,
421,AMD,BLR,19:35:00,5,2:25:00,22:00:00,5,6E6481,6E,6262,,
422,AMD,BLR,19:35:00,1,2:25:00,22:00:00,1,6E6481,6E,6262,,
423,AMD,BLR,14:55:00,1,2:10:00,17:05:00,1,6E758,6E,6291,,
424,AMD,BLR,17:05:00,2,2:05:00,19:10:00,2,6E6237,6E,6377,,
425,AMD,BLR,04:40:00,2,2:10:00,06:50:00,2,6E6422,6E,6377,,
426,AMD,BLR,23:40:00,2,2:20:00,02:00:00,3,6E996,6E,6377,,
427,AMD,BLR,23:40:00,3,2:20:00,02:00:00,4,6E996,6E,6377,,
428,AMD,BLR,04:40:00,3,2:10:00,06:50:00,3,6E6422,6E,6407,,
429,AMD,BLR,09:10:00,1,2:15:00,11:25:00,1,6E823,6E,6732,,
430,AMD,BLR,19:35:00,0,2:25:00,22:00:00,0,6E6481,6E,6745,,
431,AMD,BLR,19:35:00,2,2:25:00,22:00:00,2,6E6481,6E,6856,,
432,AMD,BLR,17:05:00,0,2:05:00,19:10:00,0,6E6237,6E,7198,,
433,AMD,BLR,17:05:00,4,2:05:00,19:10:00,4,6E6237,6E,10677,,
434,PNQ,MAA,05:40:00,4,1:35:00,07:15:00,4,6E159,6E,6375,,
435,PNQ,MAA,14:50:00,4,1:50:00,16:40:00,4,6E763,6E,6375,,
436,PNQ,MAA,01:05:00,2,1:45:00,02:50:00,2,6E553,6E,6494,,
437,PNQ,MAA,01:05:00,4,1:45:00,02:50:00,4,6E553,6E,6494,,
438,PNQ,MAA,01:05:00,3,1:45:00,02:50:00,3,6E553,6E,6494,,
439,PNQ,MAA,05:40:00,1,1:35:00,07:15:00,1,6E159,6E,6508,,
440,PNQ,MAA,05:40:00,0,1:35:00,07:15:00,0,6E159,6E,6508,,
441,PNQ,MAA,01:05:00,1,1:45:00,02:50:00,1,6E553,6E,6508,,
442,PNQ,MAA,17:45:00,1,1:50:00,19:35:00,1,6E105,6E,6508,,
443,PNQ,MAA,14:50:00,0,1:50:00,16:40:00,0,6E763,6E,6508,,
444,PNQ,MAA,14:50:00,1,1:50:00,16:40:00,1,6E763,6E,6508,,
445,PNQ,MAA,17:45:00,0,1:50:00,19:35:00,0,6E105,6E,6508,,
446,PNQ,MAA,20:55:00,0,2:00:00,22:55:00,0,6E225,6E,6508,,
447,PNQ,MAA,20:55:00,1,2:00:00,22:55:00,1,6E225,6E,6508,,
448,PNQ,MAA,05:40:00,6,1:35:00,07:15:00,6,6E159,6E,6632,,
449,PNQ,MAA,05:40:00,5,1:35:00,07:15:00,5,6E159,6E,6632,,
450,PNQ,MAA,21:55:00,5,1:45:00,23:40:00,5,6E6186,6E,6632,,
451,PNQ,MAA,21:55:00,6,1:45:00,23:40:00,6,6E6186,6E,6632,,
452,PNQ,MAA,01:05:00,5,1:45:00,02:50:00,5,6E553,6E,6632,,
453,PNQ,MAA,01:05:00,6,1:45:00,02:50:00,6,6E553,6E,6632,,
454,PNQ,MAA,14:50:00,6,1:50:00,16:40:00,6,6E763,6E,6632,,
455,PNQ,MAA,17:45:00,6,1:50:00,19:35:00,6,6E105,6E,6632,,
456,PNQ,MAA,17:45:00,5,1:50:00,19:35:00,5,6E105,6E,6632,,
457,PNQ,MAA,20:55:00,6,2:00:00,22:55:00,6,6E225,6E,6632,,
458,PNQ,MAA,14:50:00,3,1:50:00,16:40:00,3,6E763,6E,6722,,
459,PNQ,CCU,06:05:00,2,2:50:00,08:55:00,2,6E6359,6E,9688,,
460,PNQ,CCU,17:40:00,0,2:25:00,20:05:00,0,6E6553,6E,11238,,
461,PNQ,CCU,23:35:00,0,2:35:00,02:10:00,1,6E6943,6E,11238,,
462,PNQ,CCU,06:05:00,0,2:50:00,08:55:00,0,6E6359,6E,11238,,
463,PNQ,CCU,23:35:00,6,2:35:00,02:10:00,0,6E6943,6E,11555,,
464,PNQ,CCU,17:40:00,3,2:25:00,20:05:00,3,6E6553,6E,11661,,
465,PNQ,CCU,23:35:00,2,2:35:00,02:10:00,3,6E6943,6E,11661,,
466,PNQ,CCU,23:35:00,3,2:35:00,02:10:00,4,6E6943,6E,11661,,
467,PNQ,CCU,06:05:00,3,2:50:00,08:55:00,3,6E6359,6E,11661,,
468,PNQ,CCU,23:35:00,5,2:35:00,02:10:00,6,6E6943,6E,11905,,
469,PNQ,CCU,17:40:00,2,2:25:00,20:05:00,2,6E6553,6E,12124,,
470,PNQ,CCU,17:40:00,6,2:25:00,20:05:00,6,6E6553,6E,12930,,
471,PNQ,CCU,06:05:00,1,2:50:00,08:55:00,1,6E6359,6E,13251,,
472,PNQ,CCU,06:05:00,4,2:50:00,08:55:00,4,6E6359,6E,13500,,
473,PNQ,CCU,17:40:00,1,2:25:00,20:05:00,1,6E6553,6E,14034,,
474,PNQ,CCU,06:05:00,6,2:50:00,08:55:00,6,6E6359,6E,14298,,
475,PNQ,CCU,23:35:00,1,2:35:00,02:10:00,2,6E6943,6E,14928,,
476,PNQ,CCU,17:40:00,4,2:25:00,20:05:00,4,6E6553,6E,15209,,
477,PNQ,CCU,17:40:00,5,2:25:00,20:05:00,5,6E6553,6E,15398,,
478,PNQ,CCU,23:35:00,4,2:35:00,02:10:00,5,6E6943,6E,16348,,
479,PNQ,CCU,06:05:00,5,2:50:00,08:55:00,5,6E6359,6E,16348,,
480,PNQ,AMD,12:40:00,6,1:25:00,14:05:00,6,AI482,AI,3494,,24716
481,PNQ,AMD,12:40:00,0,1:25:00,14:05:00,0,AI482,AI,3559,,25491
482,PNQ,AMD,12:40:00,1,1:25:00,14:05:00,1,AI482,AI,3559,,25162
483,PNQ,AMD,15:45:00,0,1:15:00,17:00:00,0,6E279,6E,4080,,
484,PNQ,AMD,15:45:00,1,1:15:00,17:00:00,1,6E279,6E,4080,,
485,PNQ,AMD,22:50:00,2,1:25:00,00:15:00,3,6E547,6E,4080,,
486,PNQ,AMD,22:50:00,0,1:25:00,00:15:00,1,6E547,6E,4080,,
487,PNQ,AMD,15:45:00,6,1:15:00,17:00:00,6,6E279,6E,4081,,
488,PNQ,AMD,22:50:00,5,1:25:00,00:15:00,6,6E547,6E,4081,,
489,PNQ,AMD,12:40:00,3,1:25:00,14:05:00,3,AI482,AI,4116,,24716
490,PNQ,AMD,04:45:00,1,1:15:00,06:00:00,1,6E819,6E,4158,,
491,PNQ,AMD,22:50:00,1,1:25:00,00:15:00,2,6E547,6E,4158,,
492,PNQ,AMD,17:50:00,6,1:10:00,19:00:00,6,6E6472,6E,4346,,
493,PNQ,AMD,15:50:00,2,1:20:00,17:10:00,2,6E279,6E,4427,,
494,PNQ,AMD,22:50:00,6,1:25:00,00:15:00,0,6E547,6E,4753,,
495,PNQ,AMD,17:50:00,0,1:10:00,19:00:00,0,6E6472,6E,4774,,
496,PNQ,AMD,04:45:00,2,1:15:00,06:00:00,2,6E819,6E,5183,,
497,PNQ,AMD,18:20:00,5,1:00:00,19:20:00,5,6E6277,6E,5489,,
498,PNQ,AMD,17:50:00,2,1:10:00,19:00:00,2,6E6472,6E,5640,,
499,PNQ,AMD,04:45:00,3,1:15:00,06:00:00,3,6E819,6E,5640,,
500,PNQ,AMD,17:50:00,5,1:10:00,19:00:00,5,6E6472,6E,5952,,
501,PNQ,AMD,04:45:00,6,1:15:00,06:00:00,6,6E819,6E,6429,,
502,PNQ,AMD,04:45:00,0,1:15:00,06:00:00,0,6E819,6E,6429,,
503,PNQ,AMD,15:45:00,3,1:15:00,17:00:00,3,6E279,6E,7228,,
504,PNQ,AMD,17:50:00,1,1:10:00,19:00:00,1,6E6472,6E,7234,,
505,PNQ,DEL,00:25:00,1,2:15:00,02:40:00,1,AI1852,AI,3931,,27419
506,PNQ,DEL,00:25:00,3,2:15:00,02:40:00,3,AI1852,AI,4079,,27915
507,PNQ,DEL,00:25:00,2,2:15:00,02:40:00,2,AI1852,AI,4079,,27915
508,PNQ,DEL,21:50:00,1,2:15:00,00:05:00,2,AI854,AI,4552,,27419
509,PNQ,DEL,18:50:00,1,2:15:00,21:05:00,1,AI850,AI,4552,,27419
510,PNQ,DEL,21:50:00,0,2:15:00,00:05:00,1,AI854,AI,4552,,27419
511,PNQ,DEL,00:25:00,6,2:15:00,02:40:00,6,AI1852,AI,4638,,
512,PNQ,DEL,21:50:00,6,2:15:00,00:05:00,0,AI854,AI,4638,,27915
513,PNQ,DEL,00:25:00,4,2:15:00,02:40:00,4,AI1852,AI,4723,,27915
514,PNQ,DEL,21:50:00,2,2:15:00,00:05:00,3,AI854,AI,4723,,27915
515,PNQ,DEL,15:55:00,2,2:25:00,18:20:00,2,AI858,AI,4723,,
516,PNQ,DEL,00:50:00,1,2:10:00,03:00:00,1,I5738,I5,4866,,
517,PNQ,DEL,23:40:00,1,2:15:00,01:55:00,2,I5722,I5,4866,,
518,PNQ,DEL,23:40:00,0,2:15:00,01:55:00,1,I5722,I5,4866,,
519,PNQ,DEL,23:40:00,2,2:15:00,01:55:00,3,I5722,I5,5049,,
520,PNQ,DEL,18:50:00,0,2:15:00,21:05:00,0,AI850,AI,5075,,27419
521,PNQ,DEL,07:40:00,1,2:20:00,10:00:00,1,AI852,AI,5075,,27419
522,PNQ,DEL,15:55:00,0,2:25:00,18:20:00,0,AI858,AI,5075,,27419
523,PNQ,DEL,15:55:00,1,2:25:00,18:20:00,1,AI858,AI,5075,,27419
524,PNQ,DEL,00:25:00,5,2:15:00,02:40:00,5,AI1852,AI,5170,,27915
525,PNQ,DEL,00:25:00,0,2:15:00,02:40:00,0,AI1852,AI,5170,,
526,PNQ,DEL,00:05:00,1,2:05:00,02:10:00,1,6E5658,6E,5332,,
527,PNQ,DEL,19:45:00,1,2:00:00,21:45:00,1,6E2285,6E,6050,,
528,PNQ,DEL,19:45:00,0,2:00:00,21:45:00,0,6E2285,6E,6213,,
529,PNQ,DEL,19:45:00,6,2:00:00,21:45:00,6,6E2285,6E,6558,,
530,PNQ,BOM,11:20:00,6,1:05:00,12:25:00,6,AI663,AI,3823,,20814
531,PNQ,BOM,11:20:00,2,1:05:00,12:25:00,2,AI663,AI,4228,,20814
532,PNQ,BOM,11:20:00,3,1:05:00,12:25:00,3,AI663,AI,4228,,
533,PNQ,BOM,11:20:00,0,1:05:00,12:25:00,0,AI663,AI,4228,,21187
534,PNQ,BOM,11:20:00,4,1:05:00,12:25:00,4,AI663,AI,4860,,24409
535,PNQ,BLR,04:35:00,1,1:20:00,05:55:00,1,6E6336,6E,3189,,
536,PNQ,BLR,02:55:00,1,1:35:00,04:30:00,1,6E338,6E,3189,,
537,PNQ,BLR,02:55:00,4,1:35:00,04:30:00,4,6E338,6E,3249,,
538,PNQ,BLR,00:40:00,6,1:35:00,02:15:00,6,6E6406,6E,3249,,
539,PNQ,BLR,02:55:00,6,1:35:00,04:30:00,6,6E338,6E,3249,,
540,PNQ,BLR,04:35:00,3,1:20:00,05:55:00,3,6E6336,6E,3309,,
541,PNQ,BLR,00:40:00,4,1:35:00,02:15:00,4,6E6406,6E,3309,,
542,PNQ,BLR,00:40:00,2,1:35:00,02:15:00,2,6E6406,6E,3309,,
543,PNQ,BLR,02:55:00,2,1:35:00,04:30:00,2,6E338,6E,3309,,
544,PNQ,BLR,00:40:00,3,1:35:00,02:15:00,3,6E6406,6E,3309,,
545,PNQ,BLR,02:55:00,3,1:35:00,04:30:00,3,6E338,6E,3309,,
546,PNQ,BLR,22:45:00,2,1:40:00,00:25:00,3,6E6338,6E,3309,,
547,PNQ,BLR,04:35:00,6,1:20:00,05:55:00,6,6E6336,6E,3356,,
548,PNQ,BLR,02:55:00,0,1:35:00,04:30:00,0,6E338,6E,3356,,
549,PNQ,BLR,02:55:00,5,1:35:00,04:30:00,5,6E338,6E,3356,,
550,PNQ,BLR,01:55:00,1,1:25:00,03:20:00,1,I5975,I5,3453,,
551,PNQ,BLR,23:15:00,1,1:35:00,00:50:00,2,I5976,I5,3453,,
552,PNQ,BLR,01:55:00,5,1:25:00,03:20:00,5,I5975,I5,3518,,
553,PNQ,BLR,01:55:00,6,1:25:00,03:20:00,6,I5975,I5,3518,,
554,PNQ,BLR,23:15:00,5,1:35:00,00:50:00,6,I5976,I5,3518,,
555,PNQ,BLR,01:55:00,2,1:25:00,03:20:00,2,I5975,I5,3583,,
556,PNQ,BLR,01:55:00,4,1:25:00,03:20:00,4,I5975,I5,3583,,
557,PNQ,BLR,01:55:00,3,1:25:00,03:20:00,3,I5975,I5,3583,,
558,PNQ,BLR,04:35:00,4,1:20:00,05:55:00,4,6E6336,6E,3733,,
559,PNQ,BLR,04:35:00,0,1:20:00,05:55:00,0,6E6336,6E,3733,,
560,DEL,MAA,16:15:00,4,3:00:00,19:15:00,4,AI537,AI,5649,,
561,DEL,MAA,21:00:00,6,2:50:00,23:50:00,6,SG8103,SG,5678,,
562,DEL,MAA,05:25:00,6,3:05:00,08:30:00,6,SG8105,SG,5678,,
563,DEL,MAA,20:40:00,3,2:55:00,23:35:00,3,AI540,AI,5757,,30131
564,DEL,MAA,16:15:00,3,3:00:00,19:15:00,3,AI537,AI,5757,,30131
565,DEL,MAA,09:50:00,2,3:00:00,12:50:00,2,AI429,AI,5757,,
566,DEL,MAA,16:15:00,2,3:00:00,19:15:00,2,AI537,AI,5757,,30131
567,DEL,MAA,05:50:00,2,3:00:00,08:50:00,2,AI439,AI,5757,,30131
568,DEL,MAA,21:00:00,3,2:50:00,23:50:00,3,SG8103,SG,5787,,
569,DEL,MAA,05:25:00,2,3:05:00,08:30:00,2,SG8105,SG,5787,,
570,DEL,MAA,05:25:00,3,3:05:00,08:30:00,3,SG8105,SG,5787,,
571,DEL,MAA,20:40:00,1,2:55:00,23:35:00,1,AI540,AI,5864,,30131
572,DEL,MAA,20:40:00,5,2:55:00,23:35:00,5,AI540,AI,5864,,30131
573,DEL,MAA,20:40:00,4,2:55:00,23:35:00,4,AI540,AI,5864,,30131
574,DEL,MAA,05:50:00,6,3:00:00,08:50:00,6,AI439,AI,5864,,30131
575,DEL,MAA,05:50:00,5,3:00:00,08:50:00,5,AI439,AI,5864,,30131
576,DEL,MAA,05:50:00,4,3:00:00,08:50:00,4,AI439,AI,5864,,
577,DEL,MAA,05:50:00,1,3:00:00,08:50:00,1,AI439,AI,5864,,
578,DEL,MAA,21:00:00,5,2:50:00,23:50:00,5,SG8103,SG,5974,,
579,DEL,MAA,21:00:00,4,2:50:00,23:50:00,4,SG8103,SG,5974,,
580,DEL,MAA,20:40:00,2,2:55:00,23:35:00,2,AI540,AI,5976,,30131
581,DEL,MAA,21:00:00,0,2:50:00,23:50:00,0,SG8103,SG,6054,,
582,DEL,MAA,23:55:00,4,2:45:00,02:40:00,5,6E2352,6E,6246,,
583,DEL,MAA,16:00:00,4,2:45:00,18:45:00,4,6E2115,6E,6246,,
584,DEL,MAA,17:30:00,4,2:45:00,20:15:00,4,6E2169,6E,6246,,
585,DEL,CCU,04:00:00,6,2:25:00,06:25:00,6,AI417,AI,5698,,
586,DEL,CCU,04:00:00,5,2:25:00,06:25:00,5,AI417,AI,5698,,
587,DEL,CCU,04:00:00,4,2:25:00,06:25:00,4,AI417,AI,5698,,
588,DEL,CCU,00:05:00,2,2:10:00,02:15:00,2,SG8251,SG,6011,,
589,DEL,CCU,04:00:00,0,2:25:00,06:25:00,0,AI417,AI,6234,,
590,DEL,CCU,00:05:00,6,2:10:00,02:15:00,6,SG8251,SG,6357,,
591,DEL,CCU,00:05:00,5,2:10:00,02:15:00,5,SG8251,SG,6357,,
592,DEL,CCU,23:50:00,6,2:15:00,02:05:00,0,6E2603,6E,6429,,
593,DEL,CCU,00:05:00,4,2:10:00,02:15:00,4,SG8251,SG,6479,,
594,DEL,CCU,00:05:00,3,2:10:00,02:15:00,3,SG8251,SG,6479,,
595,DEL,CCU,07:10:00,2,2:20:00,09:30:00,2,SG8263,SG,6479,,
596,DEL,CCU,07:10:00,3,2:20:00,09:30:00,3,SG8263,SG,6479,,
597,DEL,CCU,21:15:00,2,2:10:00,23:25:00,2,UK727,UK,6591,8452,
598,DEL,CCU,21:15:00,3,2:10:00,23:25:00,3,UK727,UK,6591,9280,
599,DEL,CCU,07:10:00,4,2:20:00,09:30:00,4,SG8263,SG,6742,,
600,DEL,CCU,06:25:00,5,2:10:00,08:35:00,5,6E5219,6E,6974,,
601,DEL,CCU,22:50:00,5,2:10:00,01:00:00,6,6E6005,6E,6974,,
602,DEL,CCU,06:25:00,6,2:10:00,08:35:00,6,6E5219,6E,6978,,
603,DEL,CCU,22:50:00,6,2:10:00,01:00:00,0,6E6005,6E,6978,,
604,DEL,CCU,06:55:00,2,2:05:00,09:00:00,2,AI401,AI,7022,,30248
605,DEL,CCU,17:05:00,2,2:10:00,19:15:00,2,AI764,AI,7022,,
606,DEL,CCU,06:15:00,3,2:10:00,08:25:00,3,UK747,UK,7071,10787,
607,DEL,CCU,17:35:00,3,2:00:00,19:35:00,3,UK707,UK,7095,10904,33384
608,DEL,CCU,17:35:00,5,2:00:00,19:35:00,5,UK707,UK,7607,12668,66782
609,DEL,CCU,17:35:00,0,2:00:00,19:35:00,0,UK707,UK,8094,13117,34622
610,DEL,AMD,07:10:00,1,1:50:00,09:00:00,1,AI421,AI,4093,,22456
611,DEL,AMD,05:15:00,2,1:55:00,07:10:00,2,AI817,AI,4093,,22060
612,DEL,AMD,21:55:00,5,1:30:00,23:25:00,5,SG336,SG,4416,,
613,DEL,AMD,13:50:00,2,1:50:00,15:40:00,2,SG8293,SG,4499,,
614,DEL,AMD,21:55:00,5,1:30:00,23:25:00,5,6E607,6E,4552,,
615,DEL,AMD,23:40:00,5,1:35:00,01:15:00,6,6E2033,6E,4552,,
616,DEL,AMD,04:55:00,2,1:35:00,06:30:00,2,6E6034,6E,4638,,
617,DEL,AMD,04:55:00,1,1:35:00,06:30:00,1,6E6034,6E,4706,,
618,DEL,AMD,21:55:00,6,1:30:00,23:25:00,6,SG336,SG,4858,,
619,DEL,AMD,04:55:00,0,1:35:00,06:30:00,0,6E6034,6E,4990,,
620,DEL,AMD,07:20:00,6,1:25:00,08:45:00,6,6E6475,6E,5014,,
621,DEL,AMD,20:00:00,6,1:25:00,21:25:00,6,6E153,6E,5014,,
622,DEL,AMD,21:55:00,6,1:30:00,23:25:00,6,6E607,6E,5014,,
623,DEL,AMD,23:40:00,6,1:35:00,01:15:00,0,6E2033,6E,5014,,
624,DEL,AMD,04:55:00,3,1:35:00,06:30:00,3,6E6034,6E,5084,,
625,DEL,AMD,06:30:00,2,1:30:00,08:00:00,2,UK959,UK,5096,7991,24955
626,DEL,AMD,20:00:00,1,1:25:00,21:25:00,1,6E153,6E,5108,,
627,DEL,AMD,07:20:00,1,1:25:00,08:45:00,1,6E6475,6E,5108,,
628,DEL,AMD,21:55:00,1,1:30:00,23:25:00,1,6E607,6E,5108,,
629,DEL,AMD,18:35:00,1,1:30:00,20:05:00,1,6E6201,6E,5108,,
630,DEL,AMD,13:30:00,1,1:35:00,15:05:00,1,6E6492,6E,5108,,
631,DEL,AMD,07:45:00,1,1:35:00,09:20:00,1,6E2267,6E,5108,,
632,DEL,AMD,13:30:00,0,1:35:00,15:05:00,0,6E6492,6E,5108,,
633,DEL,AMD,23:40:00,1,1:35:00,01:15:00,2,6E2033,6E,5108,,
634,DEL,AMD,18:35:00,6,1:30:00,20:05:00,6,6E6201,6E,5185,,
635,DEL,PNQ,04:35:00,5,2:20:00,06:55:00,5,AI851,AI,3535,,26603
636,DEL,PNQ,04:35:00,6,2:20:00,06:55:00,6,AI851,AI,3535,,
637,DEL,PNQ,04:35:00,0,2:20:00,06:55:00,0,AI851,AI,3535,,
638,DEL,PNQ,04:35:00,4,2:20:00,06:55:00,4,AI851,AI,3535,,26603
639,DEL,PNQ,04:35:00,2,2:20:00,06:55:00,2,AI851,AI,3603,,26603
640,DEL,PNQ,19:10:00,1,2:00:00,21:10:00,1,AI853,AI,3670,,27910
641,DEL,PNQ,21:45:00,0,2:05:00,23:50:00,0,AI1851,AI,3670,,27583
642,DEL,PNQ,21:45:00,1,2:05:00,23:50:00,1,AI1851,AI,3670,,
643,DEL,PNQ,13:05:00,1,2:15:00,15:20:00,1,AI857,AI,3670,,
644,DEL,PNQ,04:35:00,1,2:20:00,06:55:00,1,AI851,AI,3670,,
645,DEL,PNQ,04:45:00,2,2:05:00,06:50:00,2,6E2643,6E,3749,,
646,DEL,PNQ,04:45:00,3,2:05:00,06:50:00,3,6E2643,6E,3749,,
647,DEL,PNQ,04:45:00,5,2:05:00,06:50:00,5,6E2643,6E,4049,,
648,DEL,PNQ,02:10:00,0,2:15:00,04:25:00,0,6E2177,6E,4049,,
649,DEL,PNQ,02:10:00,6,2:15:00,04:25:00,6,6E2177,6E,4049,,
650,DEL,PNQ,20:35:00,6,1:50:00,22:25:00,6,6E2273,6E,4125,,
651,DEL,PNQ,04:45:00,6,2:05:00,06:50:00,6,6E2643,6E,4125,,
652,DEL,PNQ,21:45:00,5,2:05:00,23:50:00,5,AI1851,AI,4156,,26603
653,DEL,PNQ,20:35:00,1,1:50:00,22:25:00,1,6E2273,6E,4204,,
654,DEL,PNQ,22:55:00,0,2:05:00,01:00:00,1,6E147,6E,4204,,
655,DEL,PNQ,19:10:00,2,2:00:00,21:10:00,2,AI853,AI,4236,,26603
656,DEL,PNQ,21:45:00,3,2:05:00,23:50:00,3,AI1851,AI,4236,,26603
657,DEL,PNQ,18:15:00,1,2:00:00,20:15:00,1,6E2143,6E,4283,,
658,DEL,PNQ,18:15:00,0,2:00:00,20:15:00,0,6E2143,6E,4283,,
659,DEL,PNQ,20:35:00,0,1:50:00,22:25:00,0,6E2273,6E,5431,,
660,DEL,BOM,01:00:00,2,2:00:00,03:00:00,2,6E2009,6E,4004,,
661,DEL,BOM,14:20:00,3,2:10:00,16:30:00,3,6E2176,6E,4004,,
662,DEL,BOM,16:30:00,3,2:10:00,18:40:00,3,6E5197,6E,4004,,
663,DEL,BOM,20:00:00,5,2:10:00,22:10:00,5,AI805,AI,4836,,25019
664,DEL,BOM,20:00:00,0,2:10:00,22:10:00,0,AI805,AI,4836,,25019
665,DEL,BOM,22:30:00,0,2:15:00,00:45:00,1,AI814,AI,4836,,25019
666,DEL,BOM,19:10:00,0,2:15:00,21:25:00,0,AI624,AI,4836,,25019
667,DEL,BOM,08:00:00,0,2:20:00,10:20:00,0,AI665,AI,4836,,
668,DEL,BOM,20:00:00,3,2:10:00,22:10:00,3,AI805,AI,4863,,25019
669,DEL,BOM,08:00:00,3,2:20:00,10:20:00,3,AI665,AI,4863,,
670,DEL,BOM,09:00:00,4,1:55:00,10:55:00,4,6E5112,6E,5357,,
671,DEL,BOM,11:00:00,4,2:00:00,13:00:00,4,6E824,6E,5357,,
672,DEL,BOM,07:15:00,4,2:05:00,09:20:00,4,6E6814,6E,5357,,
673,DEL,BOM,23:15:00,4,2:05:00,01:20:00,5,6E2519,6E,5357,,
674,DEL,BOM,14:20:00,4,2:10:00,16:30:00,4,6E2176,6E,5357,,
675,DEL,BOM,12:55:00,4,2:10:00,15:05:00,4,6E6092,6E,5357,,
676,DEL,BOM,21:55:00,4,2:10:00,00:05:00,5,6E2114,6E,5357,,
677,DEL,BOM,09:00:00,0,1:55:00,10:55:00,0,6E5112,6E,5369,,
678,DEL,BOM,09:00:00,6,1:55:00,10:55:00,6,6E5112,6E,5369,,
679,DEL,BOM,09:00:00,3,1:55:00,10:55:00,3,6E5112,6E,5456,,
680,DEL,BOM,09:00:00,2,1:55:00,10:55:00,2,6E5112,6E,5456,,
681,DEL,BOM,11:00:00,3,2:00:00,13:00:00,3,6E824,6E,5456,,
682,DEL,BOM,11:00:00,2,2:00:00,13:00:00,2,6E824,6E,5456,,
683,DEL,BOM,01:00:00,3,2:00:00,03:00:00,3,6E2009,6E,5456,,
684,DEL,BOM,05:30:00,2,2:05:00,07:35:00,2,6E2112,6E,5456,,
685,DEL,BLR,22:55:00,6,2:40:00,01:35:00,0,I51534,I5,5948,,
686,DEL,BLR,22:55:00,0,2:40:00,01:35:00,1,I51534,I5,6060,,
687,DEL,BLR,22:55:00,5,2:40:00,01:35:00,6,I51534,I5,6270,,
688,DEL,BLR,22:55:00,4,2:40:00,01:35:00,5,I51534,I5,6270,,
689,DEL,BLR,07:50:00,4,2:50:00,10:40:00,4,I5740,I5,6270,,
690,DEL,BLR,13:40:00,4,2:40:00,16:20:00,4,AI502,AI,6329,,36033
691,DEL,BLR,08:10:00,4,2:45:00,10:55:00,4,AI813,AI,6329,,36033
692,DEL,BLR,09:40:00,4,2:50:00,12:30:00,4,AI506,AI,6329,,
693,DEL,BLR,06:10:00,4,2:50:00,09:00:00,4,AI803,AI,6329,,36033
694,DEL,BLR,06:10:00,5,2:50:00,09:00:00,5,AI803,AI,6329,,36033
695,DEL,BLR,21:10:00,5,2:55:00,00:05:00,6,AI504,AI,6329,,
696,DEL,BLR,03:30:00,5,2:55:00,06:25:00,5,AI514,AI,6329,,
697,DEL,BLR,22:00:00,2,2:40:00,00:40:00,3,SG393,SG,6373,,
698,DEL,BLR,23:55:00,3,2:45:00,02:40:00,4,SG8143,SG,6373,,
699,DEL,BLR,22:55:00,2,2:40:00,01:35:00,3,I51534,I5,6388,,
700,DEL,BLR,22:55:00,1,2:40:00,01:35:00,2,I51534,I5,6388,,
701,DEL,BLR,22:55:00,3,2:40:00,01:35:00,4,I51534,I5,6388,,
702,DEL,BLR,07:50:00,3,2:50:00,10:40:00,3,I5740,I5,6388,,
703,DEL,BLR,07:50:00,1,2:50:00,10:40:00,1,I5740,I5,6388,,
704,DEL,BLR,13:40:00,2,2:40:00,16:20:00,2,AI502,AI,6448,,36033
705,DEL,BLR,13:40:00,3,2:40:00,16:20:00,3,AI502,AI,6448,,
706,DEL,BLR,08:10:00,2,2:45:00,10:55:00,2,AI813,AI,6448,,36033
707,DEL,BLR,14:10:00,1,2:35:00,16:45:00,1,UK819,UK,7378,11439,39163
708,DEL,BLR,14:10:00,2,2:35:00,16:45:00,2,UK819,UK,7524,11245,48287
709,DEL,BLR,14:10:00,3,2:35:00,16:45:00,3,UK819,UK,7524,12089,38460
710,BOM,MAA,06:10:00,2,1:55:00,08:05:00,2,SG609,SG,3767,,
711,BOM,MAA,06:10:00,3,1:55:00,08:05:00,3,SG609,SG,3767,,
712,BOM,MAA,23:00:00,5,1:50:00,00:50:00,6,AI576,AI,3786,,25508
713,BOM,MAA,23:00:00,0,1:50:00,00:50:00,1,AI576,AI,3786,,25508
714,BOM,MAA,23:00:00,6,1:50:00,00:50:00,0,AI576,AI,3786,,25508
715,BOM,MAA,23:00:00,4,1:50:00,00:50:00,5,AI576,AI,3786,,25508
716,BOM,MAA,23:00:00,1,1:50:00,00:50:00,2,AI576,AI,3786,,25508
717,BOM,MAA,15:15:00,4,2:00:00,17:15:00,4,AI572,AI,3786,,25508
718,BOM,MAA,15:15:00,0,2:00:00,17:15:00,0,AI572,AI,3786,,25508
719,BOM,MAA,05:15:00,6,2:05:00,07:20:00,6,AI570,AI,3786,,25508
720,BOM,MAA,05:15:00,0,2:05:00,07:20:00,0,AI570,AI,3786,,25508
721,BOM,MAA,05:15:00,4,2:05:00,07:20:00,4,AI570,AI,3786,,
722,BOM,MAA,05:15:00,1,2:05:00,07:20:00,1,AI570,AI,3786,,
723,BOM,MAA,05:15:00,5,2:05:00,07:20:00,5,AI570,AI,3786,,25508
724,BOM,MAA,18:10:00,5,2:10:00,20:20:00,5,AI573,AI,3786,,
725,BOM,MAA,18:10:00,1,2:10:00,20:20:00,1,AI573,AI,3786,,
726,BOM,MAA,18:10:00,4,2:10:00,20:20:00,4,AI573,AI,3786,,
727,BOM,MAA,18:10:00,0,2:10:00,20:20:00,0,AI573,AI,3786,,
728,BOM,MAA,23:00:00,2,1:50:00,00:50:00,3,AI576,AI,3859,,25508
729,BOM,MAA,23:00:00,3,1:50:00,00:50:00,4,AI576,AI,3859,,25508
730,BOM,MAA,09:00:00,2,2:00:00,11:00:00,2,AI671,AI,3859,,25508
731,BOM,MAA,09:00:00,3,2:00:00,11:00:00,3,AI671,AI,3859,,25508
732,BOM,MAA,15:15:00,2,2:00:00,17:15:00,2,AI572,AI,3859,,25508
733,BOM,MAA,05:15:00,2,2:05:00,07:20:00,2,AI570,AI,3859,,25508
734,BOM,MAA,05:15:00,3,2:05:00,07:20:00,3,AI570,AI,3859,,25508
735,BOM,CCU,09:45:00,3,2:35:00,12:20:00,3,SG516,SG,7121,,
736,BOM,CCU,09:45:00,2,2:35:00,12:20:00,2,SG516,SG,7121,,
737,BOM,CCU,02:35:00,2,2:35:00,05:10:00,2,6E6957,6E,7523,,
738,BOM,CCU,19:55:00,2,3:05:00,23:00:00,2,SG241,SG,7568,,
739,BOM,CCU,06:00:00,2,2:45:00,08:45:00,2,AI675,AI,7618,,33858
740,BOM,CCU,02:35:00,3,2:35:00,05:10:00,3,6E6957,6E,7858,,
741,BOM,CCU,22:40:00,2,2:35:00,01:15:00,3,6E5287,6E,7858,,
742,BOM,CCU,17:40:00,2,2:40:00,20:20:00,2,6E395,6E,7858,,
743,BOM,CCU,06:25:00,3,3:00:00,09:25:00,3,6E822,6E,7858,,
744,BOM,CCU,06:25:00,2,3:00:00,09:25:00,2,6E822,6E,7858,,
745,BOM,CCU,17:40:00,3,2:40:00,20:20:00,3,6E395,6E,8194,,
746,BOM,CCU,09:40:00,3,2:45:00,12:25:00,3,6E5253,6E,8194,,
747,BOM,CCU,09:45:00,4,2:35:00,12:20:00,4,SG516,SG,8469,,
748,BOM,CCU,19:55:00,3,3:05:00,23:00:00,3,SG241,SG,8631,,
749,BOM,CCU,02:35:00,4,2:35:00,05:10:00,4,6E6957,6E,8641,,
750,BOM,CCU,12:10:00,3,2:40:00,14:50:00,3,6E5354,6E,8641,,
751,BOM,CCU,07:40:00,3,2:40:00,10:20:00,3,6E6579,6E,8641,,
752,BOM,CCU,12:10:00,2,2:45:00,14:55:00,2,6E5354,6E,8641,,
753,BOM,CCU,21:35:00,5,2:50:00,00:25:00,6,AI774,AI,8694,,33858
754,BOM,CCU,22:40:00,5,2:35:00,01:15:00,6,6E5287,6E,8918,,
755,BOM,CCU,09:45:00,0,2:35:00,12:20:00,0,SG516,SG,8919,,
756,BOM,CCU,19:55:00,0,3:05:00,23:00:00,0,SG241,SG,8919,,
757,BOM,CCU,07:40:00,2,2:40:00,10:20:00,2,6E6579,6E,9089,,
758,BOM,CCU,19:30:00,2,2:45:00,22:15:00,2,6E5063,6E,9089,,
759,BOM,CCU,09:40:00,2,2:45:00,12:25:00,2,6E5253,6E,9089,,
760,BOM,AMD,06:35:00,1,1:10:00,07:45:00,1,UK939,UK,3076,6133,16082
761,BOM,AMD,07:25:00,2,1:30:00,08:55:00,2,UK909,UK,3132,5272,16082
762,BOM,AMD,18:15:00,2,1:40:00,19:55:00,2,AI637,AI,3271,,13974
763,BOM,AMD,06:25:00,1,1:05:00,07:30:00,1,6E5276,6E,3411,,
764,BOM,AMD,01:10:00,1,1:05:00,02:15:00,1,6E6085,6E,3411,,
765,BOM,AMD,06:35:00,3,1:10:00,07:45:00,3,UK939,UK,3422,6133,16082
766,BOM,AMD,08:20:00,3,1:30:00,09:50:00,3,UK909,UK,3422,5272,16082
767,BOM,AMD,20:25:00,0,1:15:00,21:40:00,0,6E296,6E,3571,,
768,BOM,AMD,06:35:00,6,1:10:00,07:45:00,6,UK939,UK,3633,7110,17178
769,BOM,AMD,16:05:00,6,1:25:00,17:30:00,6,UK949,UK,3633,7110,17178
770,BOM,AMD,22:45:00,0,1:10:00,23:55:00,0,UK919,UK,3654,7110,19135
771,BOM,AMD,06:35:00,0,1:10:00,07:45:00,0,UK939,UK,3654,7110,19135
772,BOM,AMD,22:45:00,6,1:10:00,23:55:00,6,UK919,UK,3658,7110,17178
773,BOM,AMD,22:00:00,0,1:15:00,23:15:00,0,6E5194,6E,3670,,
774,BOM,AMD,22:00:00,1,1:15:00,23:15:00,1,6E5194,6E,3670,,
775,BOM,AMD,01:10:00,0,1:05:00,02:15:00,0,6E6085,6E,3696,,
776,BOM,AMD,06:25:00,0,1:05:00,07:30:00,0,6E5276,6E,3696,,
777,BOM,AMD,18:40:00,1,1:15:00,19:55:00,1,6E5258,6E,3696,,
778,BOM,AMD,22:45:00,1,1:10:00,23:55:00,1,UK919,UK,3758,6621,16082
779,BOM,AMD,06:25:00,3,1:05:00,07:30:00,3,6E5276,6E,3764,,
780,BOM,AMD,15:40:00,6,1:10:00,16:50:00,6,AI631,AI,3770,,13974
781,BOM,AMD,06:35:00,2,1:10:00,07:45:00,2,UK939,UK,3827,6621,16082
782,BOM,AMD,13:10:00,0,1:00:00,14:10:00,0,6E6484,6E,3954,,
783,BOM,AMD,13:10:00,6,1:00:00,14:10:00,6,6E6484,6E,4638,,
784,BOM,AMD,13:10:00,3,1:00:00,14:10:00,3,6E6484,6E,6138,,
785,BOM,PNQ,09:45:00,6,1:00:00,10:45:00,6,AI684,AI,4415,,20086
786,BOM,PNQ,09:45:00,0,1:00:00,10:45:00,0,AI684,AI,4415,,20086
787,BOM,PNQ,09:45:00,4,1:00:00,10:45:00,4,AI684,AI,4415,,20086
788,BOM,PNQ,09:45:00,3,1:00:00,10:45:00,3,AI684,AI,4499,,20401
789,BOM,PNQ,09:45:00,2,1:00:00,10:45:00,2,AI684,AI,4835,,20086
790,BOM,DEL,18:15:00,5,2:00:00,20:15:00,5,AI660,AI,4610,,24096
791,BOM,DEL,18:15:00,0,2:00:00,20:15:00,0,AI660,AI,4610,,24096
792,BOM,DEL,21:00:00,0,2:05:00,23:05:00,0,AI816,AI,4610,,24096
793,BOM,DEL,21:00:00,5,2:05:00,23:05:00,5,AI816,AI,4610,,24096
794,BOM,DEL,21:00:00,1,2:05:00,23:05:00,1,AI816,AI,4610,,24096
795,BOM,DEL,21:00:00,6,2:05:00,23:05:00,6,AI816,AI,4610,,24096
796,BOM,DEL,18:15:00,2,2:00:00,20:15:00,2,AI660,AI,4650,,24096
797,BOM,DEL,21:00:00,3,2:05:00,23:05:00,3,AI816,AI,4650,,24096
798,BOM,DEL,21:00:00,2,2:05:00,23:05:00,2,AI816,AI,4650,,24096
799,BOM,DEL,09:00:00,2,2:20:00,11:20:00,2,AI866,AI,4650,,
800,BOM,DEL,06:05:00,4,2:05:00,08:10:00,4,6E5187,6E,5124,,
801,BOM,DEL,14:30:00,4,2:05:00,16:35:00,4,6E993,6E,5124,,
802,BOM,DEL,12:45:00,4,2:10:00,14:55:00,4,6E2015,6E,5124,,
803,BOM,DEL,07:00:00,4,2:10:00,09:10:00,4,6E2398,6E,5124,,
804,BOM,DEL,08:30:00,4,2:10:00,10:40:00,4,6E2139,6E,5124,,
805,BOM,DEL,07:45:00,4,2:10:00,09:55:00,4,6E825,6E,5124,,
806,BOM,DEL,05:00:00,4,2:15:00,07:15:00,4,6E2056,6E,5124,,
807,BOM,DEL,21:35:00,2,1:55:00,23:30:00,2,6E2051,6E,5222,,
808,BOM,DEL,21:35:00,3,1:55:00,23:30:00,3,6E2051,6E,5222,,
809,BOM,DEL,06:05:00,3,2:05:00,08:10:00,3,6E5187,6E,5222,,
810,BOM,DEL,06:05:00,2,2:05:00,08:10:00,2,6E5187,6E,5222,,
811,BOM,DEL,14:30:00,3,2:05:00,16:35:00,3,6E993,6E,5222,,
812,BOM,DEL,19:10:00,1,1:45:00,20:55:00,1,UK938,UK,5314,8556,35885
813,BOM,DEL,19:10:00,0,1:45:00,20:55:00,0,UK938,UK,5314,9357,26890
814,BOM,DEL,19:10:00,5,1:45:00,20:55:00,5,UK938,UK,5314,9357,28952
815,BOM,BLR,03:55:00,6,1:55:00,05:50:00,6,AI621,AI,2676,,
816,BOM,BLR,03:55:00,4,1:55:00,05:50:00,4,AI621,AI,2676,,
817,BOM,BLR,03:55:00,3,1:55:00,05:50:00,3,AI621,AI,2728,,22568
818,BOM,BLR,18:55:00,5,1:30:00,20:25:00,5,AI641,AI,3119,,22568
819,BOM,BLR,09:20:00,4,1:50:00,11:10:00,4,AI639,AI,3119,,22568
820,BOM,BLR,03:55:00,5,1:55:00,05:50:00,5,AI621,AI,3119,,
821,BOM,BLR,06:45:00,5,1:55:00,08:40:00,5,AI603,AI,3119,,
822,BOM,BLR,06:45:00,6,1:55:00,08:40:00,6,AI603,AI,3119,,
823,BOM,BLR,18:55:00,2,1:30:00,20:25:00,2,AI641,AI,3178,,22568
824,BOM,BLR,16:40:00,3,1:45:00,18:25:00,3,AI607,AI,3178,,22568
825,BOM,BLR,16:40:00,2,1:45:00,18:25:00,2,AI607,AI,3178,,22568
826,BOM,BLR,03:55:00,2,1:55:00,05:50:00,2,AI621,AI,3178,,
827,BOM,BLR,06:45:00,3,1:55:00,08:40:00,3,AI603,AI,3178,,22568
828,BOM,BLR,18:55:00,0,1:30:00,20:25:00,0,AI641,AI,3356,,22568
829,BOM,BLR,18:55:00,1,1:30:00,20:25:00,1,AI641,AI,3356,,22568
830,BOM,BLR,16:40:00,0,1:45:00,18:25:00,0,AI607,AI,3356,,22568
831,BOM,BLR,17:00:00,1,1:45:00,18:45:00,1,AI607,AI,3356,,22568
832,BOM,BLR,03:55:00,0,1:55:00,05:50:00,0,AI621,AI,3356,,
833,BOM,BLR,19:30:00,1,1:45:00,21:15:00,1,6E2244,6E,3488,,
834,BOM,BLR,18:30:00,1,1:45:00,20:15:00,1,6E5067,6E,3488,,
835,BOM,BLR,18:30:00,0,1:45:00,20:15:00,0,6E5067,6E,3488,,
836,BOM,BLR,18:55:00,4,1:30:00,20:25:00,4,AI641,AI,3548,,22568
837,BOM,BLR,20:35:00,1,1:30:00,22:05:00,1,6E5256,6E,3607,,
838,BOM,BLR,20:35:00,0,1:30:00,22:05:00,0,6E5256,6E,3607,,
839,BOM,BLR,18:55:00,3,1:30:00,20:25:00,3,AI641,AI,3616,,22568
840,BLR,MAA,16:30:00,5,0:50:00,17:20:00,5,6E6012,6E,4228,,
841,BLR,MAA,23:50:00,6,1:00:00,00:50:00,0,6E482,6E,4228,,
842,BLR,MAA,17:30:00,5,1:00:00,18:30:00,5,6E356,6E,4228,,
843,BLR,MAA,11:35:00,4,1:00:00,12:35:00,4,6E6189,6E,4228,,
844,BLR,MAA,11:35:00,5,1:00:00,12:35:00,5,6E6189,6E,4228,,
845,BLR,MAA,16:30:00,1,0:50:00,17:20:00,1,6E6012,6E,4309,,
846,BLR,MAA,20:05:00,0,0:55:00,21:00:00,0,6E478,6E,4309,,
847,BLR,MAA,17:30:00,1,1:00:00,18:30:00,1,6E356,6E,4309,,
848,BLR,MAA,23:50:00,2,1:00:00,00:50:00,3,6E482,6E,4309,,
849,BLR,MAA,17:30:00,0,1:00:00,18:30:00,0,6E356,6E,4309,,
850,BLR,MAA,17:30:00,3,1:00:00,18:30:00,3,6E356,6E,4309,,
851,BLR,MAA,23:50:00,0,1:00:00,00:50:00,1,6E482,6E,4309,,
852,BLR,MAA,11:35:00,0,1:00:00,12:35:00,0,6E6189,6E,4309,,
853,BLR,MAA,23:50:00,1,1:00:00,00:50:00,2,6E482,6E,4309,,
854,BLR,MAA,23:50:00,3,1:00:00,00:50:00,4,6E482,6E,4309,,
855,BLR,MAA,09:30:00,0,1:05:00,10:35:00,0,6E592,6E,4309,,
856,BLR,MAA,09:30:00,1,1:05:00,10:35:00,1,6E592,6E,4309,,
857,BLR,MAA,09:30:00,2,1:05:00,10:35:00,2,6E592,6E,4384,,
858,BLR,MAA,16:15:00,5,1:00:00,17:15:00,5,I52461,I5,4459,,
859,BLR,MAA,16:15:00,0,1:00:00,17:15:00,0,I52461,I5,4544,,
860,BLR,MAA,16:15:00,3,1:00:00,17:15:00,3,I52461,I5,4544,,
861,BLR,MAA,16:15:00,1,1:00:00,17:15:00,1,I52461,I5,4544,,
862,BLR,MAA,07:20:00,4,0:55:00,08:15:00,4,6E6269,6E,4622,,
863,BLR,MAA,16:30:00,0,0:50:00,17:20:00,0,6E6012,6E,4711,,
864,BLR,MAA,16:30:00,3,0:50:00,17:20:00,3,6E6012,6E,4711,,
865,BLR,CCU,05:10:00,2,2:20:00,07:30:00,2,SG507,SG,9840,,
866,BLR,CCU,23:25:00,2,2:30:00,01:55:00,3,6E952,6E,10002,,
867,BLR,CCU,06:30:00,2,2:35:00,09:05:00,2,6E227,6E,10814,,
868,BLR,CCU,21:55:00,2,2:45:00,00:40:00,3,6E975,6E,10814,,
869,BLR,CCU,23:30:00,2,2:30:00,02:00:00,3,I5992,I5,10980,,
870,BLR,CCU,22:30:00,2,2:35:00,01:05:00,3,I5558,I5,10980,,
871,BLR,CCU,04:50:00,2,2:45:00,07:35:00,2,I51533,I5,10980,,
872,BLR,CCU,06:05:00,3,2:50:00,08:55:00,3,I51452,I5,10980,,
873,BLR,CCU,06:05:00,2,2:50:00,08:55:00,2,I51452,I5,10980,,
874,BLR,CCU,05:10:00,4,2:20:00,07:30:00,4,SG507,SG,11143,,
875,BLR,CCU,05:10:00,3,2:20:00,07:30:00,3,SG507,SG,11348,,
876,BLR,CCU,04:50:00,4,2:45:00,07:35:00,4,I51533,I5,11693,,
877,BLR,CCU,06:05:00,4,2:50:00,08:55:00,4,I51452,I5,11693,,
878,BLR,CCU,06:05:00,6,2:50:00,08:55:00,6,I51452,I5,11693,,
879,BLR,CCU,17:45:00,2,2:25:00,20:10:00,2,6E6243,6E,11743,,
880,BLR,CCU,23:25:00,3,2:30:00,01:55:00,4,6E952,6E,11743,,
881,BLR,CCU,06:30:00,3,2:35:00,09:05:00,3,6E227,6E,11743,,
882,BLR,CCU,20:15:00,2,2:35:00,22:50:00,2,6E676,6E,11743,,
883,BLR,CCU,16:05:00,2,2:40:00,18:45:00,2,6E6572,6E,11743,,
884,BLR,CCU,13:30:00,2,2:40:00,16:10:00,2,6E172,6E,11743,,
885,BLR,CCU,23:30:00,3,2:30:00,02:00:00,4,I5992,I5,11909,,
886,BLR,CCU,04:50:00,3,2:45:00,07:35:00,3,I51533,I5,11909,,
887,BLR,CCU,23:25:00,0,2:30:00,01:55:00,1,6E952,6E,11982,,
888,BLR,CCU,21:55:00,0,2:45:00,00:40:00,1,6E975,6E,11982,,
889,BLR,CCU,05:10:00,6,2:20:00,07:30:00,6,SG507,SG,12055,,
890,BLR,AMD,01:40:00,2,2:05:00,03:45:00,2,6E6779,6E,7063,,
891,BLR,AMD,16:50:00,0,2:05:00,18:55:00,0,6E239,6E,7374,,
892,BLR,AMD,06:10:00,2,2:05:00,08:15:00,2,6E586,6E,7515,,
893,BLR,AMD,20:55:00,0,2:10:00,23:05:00,0,6E6423,6E,7968,,
894,BLR,AMD,14:25:00,0,2:10:00,16:35:00,0,6E6236,6E,7968,,
895,BLR,AMD,06:10:00,6,2:05:00,08:15:00,6,6E586,6E,8561,,
896,BLR,AMD,01:40:00,0,2:05:00,03:45:00,0,6E6779,6E,8561,,
897,BLR,AMD,01:40:00,6,2:05:00,03:45:00,6,6E6779,6E,8561,,
898,BLR,AMD,20:55:00,6,2:10:00,23:05:00,6,6E6423,6E,8561,,
899,BLR,AMD,12:15:00,6,2:05:00,14:20:00,6,6E6595,6E,9154,,
900,BLR,AMD,12:15:00,1,2:05:00,14:20:00,1,6E6595,6E,9154,,
901,BLR,AMD,01:40:00,1,2:05:00,03:45:00,1,6E6779,6E,9154,,
902,BLR,AMD,06:10:00,0,2:05:00,08:15:00,0,6E586,6E,9154,,
903,BLR,AMD,16:50:00,1,2:05:00,18:55:00,1,6E239,6E,9154,,
904,BLR,AMD,12:15:00,0,2:05:00,14:20:00,0,6E6595,6E,9154,,
905,BLR,AMD,20:55:00,1,2:10:00,23:05:00,1,6E6423,6E,9154,,
906,BLR,AMD,01:40:00,3,2:05:00,03:45:00,3,6E6779,6E,9329,,
907,BLR,AMD,16:50:00,6,2:05:00,18:55:00,6,6E239,6E,9747,,
908,BLR,AMD,06:10:00,1,2:05:00,08:15:00,1,6E586,6E,9747,,
909,BLR,AMD,14:25:00,2,2:10:00,16:35:00,2,6E6236,6E,9934,,
910,BLR,AMD,12:15:00,5,2:05:00,14:20:00,5,6E6595,6E,10340,,
911,BLR,AMD,06:10:00,3,2:05:00,08:15:00,3,6E586,6E,10538,,
912,BLR,AMD,20:55:00,5,2:10:00,23:05:00,5,6E6423,6E,11081,,
913,BLR,AMD,16:50:00,2,2:05:00,18:55:00,2,6E239,6E,12050,,
914,BLR,AMD,16:50:00,3,2:05:00,18:55:00,3,6E239,6E,13561,,
915,BLR,PNQ,05:25:00,1,1:20:00,06:45:00,1,6E408,6E,3737,,
916,BLR,PNQ,00:50:00,1,1:25:00,02:15:00,1,6E6129,6E,3737,,
917,BLR,PNQ,02:30:00,1,1:25:00,03:55:00,1,6E699,6E,3737,,
918,BLR,PNQ,02:30:00,2,1:25:00,03:55:00,2,6E699,6E,3807,,
919,BLR,PNQ,00:50:00,2,1:25:00,02:15:00,2,6E6129,6E,3807,,
920,BLR,PNQ,05:00:00,1,1:25:00,06:25:00,1,I5818,I5,3986,,
921,BLR,PNQ,23:50:00,1,1:30:00,01:20:00,2,I5821,I5,3986,,
922,BLR,PNQ,23:50:00,0,1:30:00,01:20:00,1,I5821,I5,3986,,
923,BLR,PNQ,00:50:00,0,1:25:00,02:15:00,0,6E6129,6E,4049,,
924,BLR,PNQ,05:00:00,2,1:25:00,06:25:00,2,I5818,I5,4061,,
925,BLR,PNQ,23:50:00,2,1:30:00,01:20:00,3,I5821,I5,4061,,
926,BLR,PNQ,20:45:00,0,1:25:00,22:10:00,0,6E6337,6E,4272,,
927,BLR,PNQ,02:30:00,0,1:25:00,03:55:00,0,6E699,6E,4272,,
928,BLR,PNQ,02:30:00,3,1:25:00,03:55:00,3,6E699,6E,4278,,
929,BLR,PNQ,20:45:00,1,1:25:00,22:10:00,1,6E6337,6E,4430,,
930,BLR,PNQ,21:15:00,1,1:10:00,22:25:00,1,I5974,I5,4434,,
931,BLR,PNQ,21:15:00,2,1:10:00,22:25:00,2,I5974,I5,4517,,
932,BLR,PNQ,05:00:00,3,1:25:00,06:25:00,3,I5818,I5,4517,,
933,BLR,PNQ,05:25:00,3,1:20:00,06:45:00,3,6E408,6E,4580,,
934,BLR,PNQ,05:25:00,0,1:20:00,06:45:00,0,6E408,6E,4832,,
935,BLR,PNQ,02:30:00,6,1:25:00,03:55:00,6,6E699,6E,4832,,
936,BLR,PNQ,00:50:00,3,1:25:00,02:15:00,3,6E6129,6E,4860,,
937,BLR,PNQ,21:15:00,6,1:10:00,22:25:00,6,I5974,I5,5105,,
938,BLR,PNQ,21:15:00,0,1:10:00,22:25:00,0,I5974,I5,5105,,
939,BLR,PNQ,13:00:00,1,1:20:00,14:20:00,1,I51426,I5,5105,,
940,BLR,DEL,13:15:00,2,2:40:00,15:55:00,2,AI501,AI,6731,,35772
941,BLR,DEL,09:50:00,2,2:45:00,12:35:00,2,AI505,AI,6731,,35772
942,BLR,DEL,11:45:00,2,2:50:00,14:35:00,2,AI507,AI,6731,,
943,BLR,DEL,17:15:00,2,2:50:00,20:05:00,2,AI503,AI,6731,,35772
944,BLR,DEL,05:45:00,3,2:55:00,08:40:00,3,AI804,AI,6731,,
945,BLR,DEL,21:00:00,2,2:55:00,23:55:00,2,AI808,AI,6731,,
946,BLR,DEL,07:05:00,2,2:55:00,10:00:00,2,AI513,AI,6731,,
947,BLR,DEL,05:45:00,2,2:55:00,08:40:00,2,AI804,AI,6731,,
948,BLR,DEL,19:15:00,2,3:05:00,22:20:00,2,AI509,AI,6731,,
949,BLR,DEL,14:55:00,2,3:25:00,18:20:00,2,AI511,AI,6731,,
950,BLR,DEL,18:45:00,1,2:40:00,21:25:00,1,UK802,UK,7404,12395,35803
951,BLR,DEL,17:15:00,1,2:50:00,20:05:00,1,AI503,AI,7475,,
952,BLR,DEL,05:45:00,1,2:55:00,08:40:00,1,AI804,AI,7475,,
953,BLR,DEL,19:10:00,2,2:55:00,22:05:00,2,I51532,I5,7509,,
954,BLR,DEL,08:00:00,1,2:35:00,10:35:00,1,UK808,UK,7512,,
955,BLR,DEL,11:30:00,1,2:40:00,14:10:00,1,UK816,UK,7512,12278,
956,BLR,DEL,18:45:00,0,2:40:00,21:25:00,0,UK802,UK,7512,12394,35803
957,BLR,DEL,19:40:00,0,2:40:00,22:20:00,0,UK818,UK,7512,12277,
958,BLR,DEL,19:40:00,1,2:40:00,22:20:00,1,UK818,UK,7512,12278,
959,BLR,DEL,17:50:00,1,2:45:00,20:35:00,1,UK820,UK,7512,15629,
960,BLR,DEL,19:20:00,1,2:45:00,22:05:00,1,6E735,6E,7539,,
961,BLR,DEL,15:20:00,1,2:55:00,18:15:00,1,6E6621,6E,7539,,
962,BLR,DEL,05:35:00,1,2:20:00,07:55:00,1,SG392,SG,7549,,
963,BLR,DEL,05:35:00,2,2:20:00,07:55:00,2,SG392,SG,8197,,
964,BLR,DEL,05:35:00,3,2:20:00,07:55:00,3,SG392,SG,8757,,
965,BLR,BOM,12:05:00,2,1:55:00,14:00:00,2,AI622,AI,3696,,23422
966,BLR,BOM,19:30:00,1,1:50:00,21:20:00,1,AI610,AI,3944,,23844
967,BLR,BOM,06:45:00,1,1:50:00,08:35:00,1,AI640,AI,3944,,23844
968,BLR,BOM,06:45:00,2,1:50:00,08:35:00,2,AI640,AI,4142,,23422
969,BLR,BOM,21:25:00,2,1:55:00,23:20:00,2,AI642,AI,4142,,23422
970,BLR,BOM,06:00:00,1,1:35:00,07:35:00,1,6E5209,6E,4191,,
971,BLR,BOM,19:30:00,0,1:40:00,21:10:00,0,6E5376,6E,4191,,
972,BLR,BOM,17:50:00,1,1:45:00,19:35:00,1,6E6143,6E,4191,,
973,BLR,BOM,05:00:00,1,1:50:00,06:50:00,1,6E5124,6E,4191,,
974,BLR,BOM,05:00:00,0,1:50:00,06:50:00,0,6E5124,6E,4223,,
975,BLR,BOM,02:00:00,0,2:00:00,04:00:00,0,I5472,I5,4227,,
976,BLR,BOM,06:45:00,0,1:50:00,08:35:00,0,AI640,AI,4265,,
977,BLR,BOM,21:25:00,0,1:55:00,23:20:00,0,AI642,AI,4265,,
978,BLR,BOM,12:05:00,0,1:55:00,14:00:00,0,AI622,AI,4265,,
979,BLR,BOM,13:45:00,0,1:35:00,15:20:00,0,6E5134,6E,4302,,
980,BLR,BOM,15:00:00,0,1:40:00,16:40:00,0,6E5351,6E,4302,,
981,BLR,BOM,16:25:00,0,1:50:00,18:15:00,0,6E5251,6E,4302,,
982,BLR,BOM,17:00:00,0,1:40:00,18:40:00,0,UK508,UK,4402,,
983,BLR,BOM,17:00:00,1,1:40:00,18:40:00,1,UK508,UK,4402,,
984,BLR,BOM,06:40:00,1,1:40:00,08:20:00,1,UK866,UK,4402,7572,23925
985,BLR,BOM,14:20:00,2,1:30:00,15:50:00,2,I51782,I5,4438,,
986,BLR,BOM,14:20:00,0,1:30:00,15:50:00,0,I51782,I5,4438,,
987,BLR,BOM,19:00:00,1,1:35:00,20:35:00,1,UK864,UK,4464,9769,38591
988,BLR,BOM,19:00:00,0,1:35:00,20:35:00,0,UK864,UK,4464,7694,25146
989,BLR,BOM,06:00:00,3,1:30:00,07:30:00,3,SG456,SG,4667,,
